id;ref;name;description;erp_id;created_at;updated_at
1;2729;INEO MPLR;;1;2020-06-09 13:42:54;2020-06-09 13:42:54
34;"0110";INEO;;1;2020-06-19 18:04:39;2020-06-19 18:04:39
67;"0112";INEO HOMELAND;;1;2020-06-23 08:15:02;2020-06-23 08:15:02
68;"0116";ENGIE GBS SERVICES;;1;2020-06-23 08:15:02;2020-06-23 08:15:02
69;"0117";INEO AUTOMOTIVE;;1;2020-06-23 08:15:02;2020-06-23 08:15:02
70;"0118";ELYNEO;;1;2020-06-23 08:15:02;2020-06-23 08:15:02
71;"0120";INEO RAIL;;1;2020-06-23 08:15:02;2020-06-23 08:15:02
72;"012A";INEO RAIL ALGERIE;;1;2020-06-23 08:15:02;2020-06-23 08:15:02
73;"0140";INEO TINEA;;1;2020-06-23 08:15:02;2020-06-23 08:15:02
74;"0176";STE D'ENTREPRISES ELECTR.;;1;2020-06-23 08:15:02;2020-06-23 08:15:02
75;1014;INEO DEFENSE;;1;2020-06-23 08:15:02;2020-06-23 08:15:02
76;1103;INEO RESEAUX CENTRE OUEST;;1;2020-06-23 08:15:02;2020-06-23 08:15:02
77;1112;A. & L. CONSTRUCTIONS SCI;;1;2020-06-23 08:15:02;2020-06-23 08:15:02
78;1121;BONMORT RESEAUX;;1;2020-06-23 08:15:02;2020-06-23 08:15:02
79;1126;INEO RESEAUX ELAGAGE;;1;2020-06-23 08:15:02;2020-06-23 08:15:02
80;1211;INEO DIGITAL DEV INNOVANT;;1;2020-06-23 08:15:02;2020-06-23 08:15:02
81;1214;INEO CYBER SECURITE;;1;2020-06-23 08:15:02;2020-06-23 08:15:02
82;1301;INEO TERTIAIRE IDF;;1;2020-06-23 08:15:02;2020-06-23 08:15:02
83;1302;INEO RESEAUX HT LS;;1;2020-06-23 08:15:03;2020-06-23 08:15:03
84;1304;INEO PROVENCE COTE D'AZUR;;1;2020-06-23 08:15:03;2020-06-23 08:15:03
85;1309;INEO EST;;1;2020-06-23 08:15:03;2020-06-23 08:15:03
86;1311;INEO POTEL;;1;2020-06-23 08:15:03;2020-06-23 08:15:03
87;1312;INEO SYSTRANS;;1;2020-06-23 08:15:03;2020-06-23 08:15:03
88;1319;SCLE SFE;;1;2020-06-23 08:15:03;2020-06-23 08:15:03
89;1321;INEO SCLE FERROVIAIRE;;1;2020-06-23 08:15:03;2020-06-23 08:15:03
90;1324;INEO CENTRE;;1;2020-06-23 08:15:03;2020-06-23 08:15:03
91;1325;INEO TELESECURITE SERVICE;;1;2020-06-23 08:15:03;2020-06-23 08:15:03
92;1328;INEO AUTOMOBILE;;1;2020-06-23 08:15:03;2020-06-23 08:15:03
93;1329;ILLUMINEO GRASSE;;1;2020-06-23 08:15:03;2020-06-23 08:15:03
94;132A;INEO DAKAR - SCLE FER.;;1;2020-06-23 08:15:03;2020-06-23 08:15:03
95;1333;P-TEAM ENGINEERING;;1;2020-06-23 08:15:03;2020-06-23 08:15:03
97;1339;TRAMWAY ENERGIE DIJON;;1;2020-06-23 08:15:03;2020-06-23 08:15:03
98;1341;PARSOL85;;1;2020-06-23 08:15:03;2020-06-23 08:15:03
99;1346;CTTG;;1;2020-06-23 08:15:03;2020-06-23 08:15:03
100;1350;INEO SYSTRANS INC;;1;2020-06-23 08:15:03;2020-06-23 08:15:03
101;1353;ICOMERA AB;;1;2020-06-23 08:15:03;2020-06-23 08:15:03
102;1354;ICOMERA UK;;1;2020-06-23 08:15:03;2020-06-23 08:15:03
103;1355;ICOMERA US;;1;2020-06-23 08:15:03;2020-06-23 08:15:03
104;1356;ICOMERA France;;1;2020-06-23 08:15:03;2020-06-23 08:15:03
105;1357;ICOMERA GERMANY;;1;2020-06-23 08:15:03;2020-06-23 08:15:03
106;1365;ICOMERA CA;;1;2020-06-23 08:15:03;2020-06-23 08:15:03
107;1408;E.G;;1;2020-06-23 08:15:03;2020-06-23 08:15:03
108;1411;INEO DIGITAL;;1;2020-06-23 08:15:03;2020-06-23 08:15:03
109;1412;INEO DIGITAL SUD;;1;2020-06-23 08:15:03;2020-06-23 08:15:03
110;1413;INEO DIGITAL NORD;;1;2020-06-23 08:15:03;2020-06-23 08:15:03
111;1414;IMMOBILIERE INEO;;1;2020-06-23 08:15:03;2020-06-23 08:15:03
112;1415;INEO SUPPORT GLOBAL;;1;2020-06-23 08:15:03;2020-06-23 08:15:03
113;1418;ETC AUDIOVISUEL;;1;2020-06-23 08:15:03;2020-06-23 08:15:03
114;1419;INEO RESEAUX EST;;1;2020-06-23 08:15:03;2020-06-23 08:15:03
115;1428;GEIE ID SOLUTIONS;;1;2020-06-23 08:15:03;2020-06-23 08:15:03
116;1431;INEO SOLUTIONS DIGITALES;;1;2020-06-23 08:15:03;2020-06-23 08:15:03
117;1433;SCI MARESTAN;;1;2020-06-23 08:15:03;2020-06-23 08:15:03
118;1434;SCI JEAN PERRIN;;1;2020-06-23 08:15:03;2020-06-23 08:15:03
119;2123;INEO RESEAUX CENTRE;;1;2020-06-23 08:15:03;2020-06-23 08:15:03
120;2124;INEO INDUSTRIE & TERT EST;;1;2020-06-23 08:15:03;2020-06-23 08:15:03
121;2126;INEO INFRACOM;;1;2020-06-23 08:15:04;2020-06-23 08:15:04
122;2127;INEO INFRACOM ANDORRA;;1;2020-06-23 08:15:04;2020-06-23 08:15:04
123;2128;INEO ENERSYS;;1;2020-06-23 08:15:04;2020-06-23 08:15:04
124;2132;IRIS PVPP;;1;2020-06-23 08:15:04;2020-06-23 08:15:04
125;2133;BOUGIVAL - ECOLUM;;1;2020-06-23 08:15:04;2020-06-23 08:15:04
126;2134;CHAUMONT IMAGES & LUMIERE;;1;2020-06-23 08:15:04;2020-06-23 08:15:04
127;2135;SPV LUMIERES DE DIGOIN;;1;2020-06-23 08:15:04;2020-06-23 08:15:04
128;2136;ECLAIR. PLAINE de FRANCE;;1;2020-06-23 08:15:04;2020-06-23 08:15:04
129;2137;LUMIERES DU GRAND AVIGNON;;1;2020-06-23 08:15:04;2020-06-23 08:15:04
130;2210;ETS VIDAL & CIE;;1;2020-06-23 08:15:04;2020-06-23 08:15:04
131;2212;GIE PHOTOVOLTAIQUE GE;;1;2020-06-23 08:15:04;2020-06-23 08:15:04
132;2224;INEO RESEAUX SUD EST;;1;2020-06-23 08:15:04;2020-06-23 08:15:04
133;2225;INEO RHONE ALPES AUVERGNE;;1;2020-06-23 08:15:04;2020-06-23 08:15:04
134;2233;INEO ENERGIE EXPORT;;1;2020-06-23 08:15:04;2020-06-23 08:15:04
135;2234;INEO NUCLEAIRE;;1;2020-06-23 08:15:04;2020-06-23 08:15:04
136;2235;INEO POLYNESIE;;1;2020-06-23 08:15:04;2020-06-23 08:15:04
137;2240;INEO DIGITAL CENTRE EST;;1;2020-06-23 08:15:04;2020-06-23 08:15:04
138;2313;SODELEM;;1;2020-06-23 08:15:04;2020-06-23 08:15:04
139;2314;INEO HAUTS-DE-FRANCE;;1;2020-06-23 08:15:04;2020-06-23 08:15:04
140;2315;INEO AGORA;;1;2020-06-23 08:15:04;2020-06-23 08:15:04
141;2321;INEO RESEAUX NORD OUEST;;1;2020-06-23 08:15:04;2020-06-23 08:15:04
142;2322;INEO NORMANDIE;;1;2020-06-23 08:15:05;2020-06-23 08:15:05
143;2325;INEO INDUSTRIE & SCES IDF;;1;2020-06-23 08:15:05;2020-06-23 08:15:05
144;2326;INEO MEDIA SYSTEM;;1;2020-06-23 08:15:05;2020-06-23 08:15:05
145;2332;INEO INFRASTRUCTURES IDF;;1;2020-06-23 08:15:05;2020-06-23 08:15:05
146;2333;GIE OPTILUM;;1;2020-06-23 08:15:05;2020-06-23 08:15:05
147;2334;INEOLUM;;1;2020-06-23 08:15:05;2020-06-23 08:15:05
148;2335;ETABLISSEMENTS LINGARD;;1;2020-06-23 08:15:05;2020-06-23 08:15:05
149;2337;INEO UTS;;1;2020-06-23 08:15:05;2020-06-23 08:15:05
150;233A;INEO UTS MAROC;;1;2020-06-23 08:15:05;2020-06-23 08:15:05
151;2341;INEO POSTES ET CENTRALES;;1;2020-06-23 08:15:05;2020-06-23 08:15:05
152;2421;INEO RESEAUX OUEST;;1;2020-06-23 08:15:05;2020-06-23 08:15:05
153;2721;INEO RESEAUX SUD OUEST;;1;2020-06-23 08:15:05;2020-06-23 08:15:05
154;2726;INEO AQUITAINE;;1;2020-06-23 08:15:05;2020-06-23 08:15:05
155;2731;INEO CABLELEC;;1;2020-06-23 08:15:06;2020-06-23 08:15:06
156;2740;INEO ATLANTIQUE;;1;2020-06-23 08:15:06;2020-06-23 08:15:06
157;2743;INEO DIGITAL OUEST;;1;2020-06-23 08:15:06;2020-06-23 08:15:06
158;2744;DEXIP;;1;2020-06-23 08:15:06;2020-06-23 08:15:06
159;2747;RESPLANDY;;1;2020-06-23 08:15:06;2020-06-23 08:15:06
35;"0108";AIRE NOUVELLE;;1;2020-06-21 09:11:31;2020-06-21 09:11:31
160;2770;ENGIE INEO UK LTD;;1;2020-06-23 08:15:06;2020-06-23 08:15:06
161;2801;INEO LOGISTIQUE;;1;2020-06-23 08:15:06;2020-06-23 08:15:06
162;2802;SNVD;;1;2020-06-23 08:15:06;2020-06-23 08:15:06
163;2811;ILLUMINEO VALLAURIS;;1;2020-06-23 08:15:06;2020-06-23 08:15:06
164;2812;INEO RESEAUX COTE D'AZUR;;1;2020-06-23 08:15:06;2020-06-23 08:15:06
165;2907;SETE;;1;2020-06-23 08:15:06;2020-06-23 08:15:06
166;2920;SINOVIA;;1;2020-06-23 08:15:06;2020-06-23 08:15:06
167;2921;INEO RHT;;1;2020-06-23 08:15:06;2020-06-23 08:15:06
168;2925;INEO ENERGY ET SYSTEMS;;1;2020-06-23 08:15:06;2020-06-23 08:15:06
169;2927;GIE INEO NUCLEAIRE (LIQUI;;1;2020-06-23 08:15:06;2020-06-23 08:15:06
170;2931;INEO RHT ETUDES;;1;2020-06-23 08:15:06;2020-06-23 08:15:06
171;8801;BEAUNE IMAGES ET LUMIERES;;1;2020-06-23 08:15:06;2020-06-23 08:15:06
172;9319;INEO CCN;;1;2020-06-23 08:15:06;2020-06-23 08:15:06
173;9920;INEO INFRACOM-PVPP;;1;2020-06-23 08:15:06;2020-06-23 08:15:06
174;9950;INEO NUCLEAIRE-MAIN. PROC;;1;2020-06-23 08:15:06;2020-06-23 08:15:06
175;9951;INEO NUCLEAIRE-NCPF;;1;2020-06-23 08:15:06;2020-06-23 08:15:06
176;9963;INEO NUC. PIERRELATTE DSI;;1;2020-06-23 08:15:06;2020-06-23 08:15:06
177;9965;INEO NORM - PROJET PITGAM;;1;2020-06-23 08:15:06;2020-06-23 08:15:06
178;9967;INEO FE-BELLEGARDE VC M1B;;1;2020-06-23 08:15:06;2020-06-23 08:15:06
179;9968;INEO LUCCIANA B;;1;2020-06-23 08:15:06;2020-06-23 08:15:06
180;9969;INEO RAIL - SEA SGST;;1;2020-06-23 08:15:06;2020-06-23 08:15:06
181;9970;INEO INFRA - 1000 CAMERAS;;1;2020-06-23 08:15:06;2020-06-23 08:15:06
182;9972;QP 28% SEP SEA SGE;;1;2020-06-23 08:15:06;2020-06-23 08:15:06
183;9973;INEO RAIL METRO LILLE;;1;2020-06-23 08:15:06;2020-06-23 08:15:06
184;9974;INEO ENERSYS;;1;2020-06-23 08:15:06;2020-06-23 08:15:06
185;9975;INEO SCLE FERROVIAIRE/UTS;;1;2020-06-23 08:15:06;2020-06-23 08:15:06
186;9976;INEO AQUIT-MERIGNACSOLEIL;;1;2020-06-23 08:15:06;2020-06-23 08:15:06
187;9977;INEO RESEAUX EST- DIJON;;1;2020-06-23 08:15:06;2020-06-23 08:15:06
188;9978;INEO NUCLEAIRE - GB2 SUD;;1;2020-06-23 08:15:06;2020-06-23 08:15:06
189;9979;INEO NUCLEAIRE - GB2 NORD;;1;2020-06-23 08:15:06;2020-06-23 08:15:06
190;9980;NORD PICARDIE - SATELEC;;1;2020-06-23 08:15:06;2020-06-23 08:15:06
191;9987;ETUDES GB2;;1;2020-06-23 08:15:06;2020-06-23 08:15:06
192;9988;EPR FLAMANVILLE;;1;2020-06-23 08:15:06;2020-06-23 08:15:06
193;9989;INEO MPLR SD;;1;2020-06-23 08:15:06;2020-06-23 08:15:06
194;9999;SCLE FER - RER B - ISF/CR;;1;2020-06-23 08:15:06;2020-06-23 08:15:06
232;2238;GROUPE ECIA;;1;2020-06-25 17:39:44;2020-06-25 17:39:44
265;"0114";INEO;;1;2020-07-17 10:01:03;2020-07-17 10:01:03
96;1335;TENFIRST;;1;2020-06-23 08:15:03;2020-09-04 09:50:20
331;7000;ENDEL;;35;2020-09-11 09:38:56;2020-09-11 09:38:56
332;7000;ENDEL;;35;2020-09-11 09:38:56;2020-09-11 09:38:56
333;7404;ENDEL NAVIBORD;;35;2020-09-11 09:38:57;2020-09-11 09:38:57
334;7405;SN EUROPIPE;;35;2020-09-11 09:38:57;2020-09-11 09:38:57
335;7803;ACE;;35;2020-09-11 09:38:58;2020-09-11 09:38:58
337;7408;M.E.V.I;;35;2020-09-11 09:39:02;2020-09-11 09:39:02
338;7407;ENDEL REUNION;;35;2020-09-11 09:39:02;2020-09-11 09:39:02
339;7402;TENEO;;35;2020-09-11 09:39:02;2020-09-11 09:39:02
340;7403;METAL CONTROL;;35;2020-09-11 09:39:06;2020-09-11 09:39:06
341;7701;CONTRAT ENDEL MEDIACO-NAV;;35;2020-09-11 09:39:08;2020-09-11 09:39:08
342;7406;ENDEL LOGISTICS;;35;2020-09-11 09:39:08;2020-09-11 09:39:08
343;7801;GIE ASCOT-TENEO-CTE;;35;2020-09-11 09:39:09;2020-09-11 09:39:09
344;7401;T.E.S.;;35;2020-09-11 09:39:11;2020-09-11 09:39:11
345;7409;ENDEL SRA;;35;2020-09-11 09:39:15;2020-09-11 09:39:15
346;7410;DYNAMIC;;35;2020-09-11 09:39:28;2020-09-11 09:39:28
347;7702;PROJET RJH ENDEL ACE;;35;2020-09-11 09:39:45;2020-09-11 09:39:45
348;7802;COMPTE PRORATA DUNKERQUE;;35;2020-09-11 09:39:58;2020-09-11 09:39:58
349;7411;DECALOG;;35;2020-09-11 09:40:09;2020-09-11 09:40:09
350;7704;ABII - SIEGE;;35;2020-09-11 09:40:10;2020-09-11 09:40:10
351;7601;ENDEL SOUTH AFRICA;;35;2020-09-11 09:40:14;2020-09-11 09:40:14
352;7703;CONTRAT NCPF  - ACE;;35;2020-09-11 09:40:35;2020-09-11 09:40:35
353;5151;AXIMA REFRIGERATION Fr;;34;2020-09-11 09:40:52;2020-09-11 09:40:52
354;5142;AXIMA CONCEPT;;34;2020-09-11 09:40:52;2020-09-11 09:40:52
355;5144;AXIMA - ITER;;34;2020-09-11 09:40:52;2020-09-11 09:40:52
356;5153;AM FROID;;34;2020-09-11 09:40:53;2020-09-11 09:40:53
357;5148;PROMAT SECURITE SAS;;34;2020-09-11 09:40:56;2020-09-11 09:40:56
358;5152;FINANCIERE DE L'ARCHE;;34;2020-09-11 09:41:35;2020-09-11 09:41:35
359;5147;NOVALDI;;34;2020-09-11 09:41:42;2020-09-11 09:41:42
360;5143;AXIMA - ITER JV;;34;2020-09-11 09:42:19;2020-09-11 09:42:19
361;5155;CRUDELI;;34;2020-09-11 09:42:34;2020-09-11 09:42:34
362;5158;MAINTENANCE THERMIQUE;;34;2020-09-11 09:42:34;2020-09-11 09:42:34
363;5156;CRUDELI MONACO;;34;2020-09-11 09:42:35;2020-09-11 09:42:35
364;5199;SXD;;34;2020-09-11 09:43:00;2020-09-11 09:43:00
397;5200;TFC;;34;2020-09-11 09:45:52;2020-09-11 09:45:52
529;7707;SEP ENDEL IDEX;;35;2020-10-15 09:14:51;2020-10-15 09:14:51
637;9710;ENGIE UNIVERSITY;;67;2020-11-20 14:11:42;2020-11-20 14:11:42
196;5148;PROMAT SECURITE SAS;;34;2020-06-23 09:45:35;2020-06-23 09:45:35
197;5148;PROMAT SECURITE SAS;;34;2020-06-23 09:45:35;2020-06-23 09:45:35
199;5142;AXIMA CONCEPT;;34;2020-06-25 15:45:30;2020-06-25 15:45:30
336;7706;ENDEL MARCOULE PHENIX;;35;2020-09-11 09:38:58;2020-09-11 09:38:58
365;1304;INEO PROVENCE COTE D'AZUR;;1;2020-09-11 09:43:30;2020-09-11 09:43:30
431;1326;INEO CV07;;1;2020-10-01 15:08:30;2020-10-01 15:08:30
463;1301;INEO TERTIAIRE IDF;;1;2020-10-02 08:11:35;2020-10-02 08:11:35
496;1411;INEO DIGITAL;;1;2020-10-06 07:38:18;2020-10-06 07:38:18
595;9421;Solaire Direct Global Operations;;67;2020-11-19 16:16:31;2020-11-19 16:16:31
596;9856;ENGIE SA - B2C DGP DCP;;67;2020-11-19 16:16:32;2020-11-19 16:16:32
628;9010;S.F.I.G.;;67;2020-11-20 14:11:35;2020-11-20 14:11:35
629;9852;ENGIE SA - B2B Gaz E&C;;67;2020-11-20 14:11:35;2020-11-20 14:11:35
630;9997;ENGIE SA - DIRECTIONS CORPORATE ET LIGNES METIERS;;67;2020-11-20 14:11:37;2020-11-20 14:11:37
631;9853;ENGIE SA - B2C DTR;;67;2020-11-20 14:11:38;2020-11-20 14:11:38
632;9826;ENGIE SA - Renouvelable France Corp;;67;2020-11-20 14:11:39;2020-11-20 14:11:39
634;9210;ENGIE SA - GLOBAL BUSINESS SERVICE - GBS;;67;2020-11-20 14:11:39;2020-11-20 14:11:39
635;8220;ENGIE IT;;67;2020-11-20 14:11:40;2020-11-20 14:11:40
636;9511;ENGIE SA - EMT Optim Gas & Corp BU;;67;2020-11-20 14:11:40;2020-11-20 14:11:40
638;9710;ENGIE UNIVERSITY;;67;2020-11-20 14:11:42;2020-11-20 14:11:42
641;8222;ENGIE DIGITAL;;67;2020-11-20 14:11:45;2020-11-20 14:11:45
642;8222;ENGIE DIGITAL;;67;2020-11-20 14:11:45;2020-11-20 14:11:45
664;9005;SHEM;;67;2020-11-20 14:12:37;2020-11-20 14:12:37
694;2729;INEO MPLR;;67;2020-11-24 10:45:34;2020-11-24 10:45:34
760;"0106";PLEASE;;1;;
761;1327;INEO CV08;;1;;
762;1330;INEO CV10;;1;;
763;1331;INEO CV11;;1;;
764;1334;INEO SOL FINANCE;;1;;
765;1336;INEO CV16;;1;;
766;1337;INEO CV17;;1;;
767;1338;INEO SOLAIRE;;1;;
768;1343;INEO SOL 3;;1;;
769;1344;INEO SOL 4;;1;;
770;1345;INEO SOL 5;;1;;
771;1424;INEO SARL;;1;;
772;1439;ARMASYS;;1;;
773;5139;SEP CHILLY;;34;;
774;5140;OMEGA 3C;;34;;
775;5149;SEP LMJ;;34;;
776;5198;ONAX;;34;;
777;7412;MOISSON IMMOBILIER;;35;;
778;7413;EFTIC INDUSTRIE;;35;;
779;7705;REMELEC - BAGNOLS;;35;;
780;9971;SEP SEA SGS CATENAIRE (QP;;1;;
195;5148;PROMAT SECURITE SAS;;34;2020-06-23 09:45:35;2020-06-23 09:45:35
562;2314;INEO HAUTS-DE-FRANCE;;1;2020-11-13 15:55:41;2020-11-13 15:55:41
795;9510;ENGIE SA - GNL et Corporate BU;;67;;
796;9519;ENGIE SA B3G Corporate;;67;;
799;9808;SPEM;;67;;
802;9827;Sourcing BU commercialis;;67;;
804;9840;Dir. Exploration Prod.;;67;;
805;9850;ENGIE SA - EMT Global Energy France;;67;;
806;9720;ENGIE E&P INTERNATIONAL - EPI;;67;;
807;9804;ENGIE THERMIQUE France;;67;;
808;9760;ENGIE NUCLEAR DEVELOPMENT;;67;;
809;9088;ENGIE SA - BU CHINE ;;67;;
810;1799;ELENGY - Fonctions communes;;67;;
811;1702;ELENGY - TM Montoir de Bretagne Investissement;;67;;
812;1701;ELENGY - TM Fos Tonkin Investissement;;67;;
813;1700;FOSMax LNG;;67;;
814;1304;"STORENGY - Alsace Sud&nbsp;Investissement";;67;;
815;1303;"STORENGY - Trois Fontaines&nbsp;Investissement";;67;;
816;1302;STORENGY - Manosque Investissement;;67;;
817;1301;STORENGY - Hauterives Investissement;;67;;
818;1300;STORENGY FRANCE;;67;;
819;1299;USPI;;67;;
821;9521;9521;;67;;
822;1703;ELENGY;;67;;
823;1380;STORENGY SAS;;67;;
824;1360;GIE CANSEL BRESSE;;67;;
633;9810;ENGIE SA - DIRECTION DE LA RECHERCHE ET DE LA TECHNOLOGIE - DRT;;67;2020-11-20 14:11:39;2020-11-20 14:11:39
639;9767;GLOBAL LNG SAS;;67;2020-11-20 14:11:42;2020-11-20 14:11:42
640;9829;ENGIE SA - B2C France Corporate;;67;2020-11-20 14:11:44;2020-11-20 14:11:44
643;9371;ENGIE SA - BU GPL France;;67;2020-11-20 14:11:57;2020-11-20 14:11:57
661;9200;ENGIE SA - GENERATION CORPORATE ;;67;2020-11-20 14:12:25;2020-11-20 14:12:25
662;9379;9379;;67;2020-11-20 14:12:25;2020-11-20 14:12:25
663;9420;ENGIE SOLAR;;67;2020-11-20 14:12:25;2020-11-20 14:12:25
727;9748;9748;;67;2020-11-25 16:53:23;2020-11-25 16:53:23
826;9999;STORENGY FRANCE;;67;2020-11-30 10:21:26;2020-11-30 10:21:26
861;99ZZ;NEW COMPAGNY;;67;;
793;9220;Systèmes d'information;;67;;
794;9230;SFG : Service Format° GDF;;67;;
798;9807;CYCOFOS – RENAMING;;67;;
800;9821;ENGIE SA - Direction Electricité;;67;;
801;9822;ENGIE SA - B2B Electricité E&C;;67;;
803;9828;Siège Service à lHabitat;;67;;
820;1221;Tête de Branche Infrastructures;;67;;
925;CCC;ENGIE Energie Services - ENGIE Cofely;;100;2021-03-01 16:55:24;2021-03-01 16:55:24
926;962;Evergreen;;100;2021-03-01 16:58:11;2021-03-01 16:58:11
927;Z12;CIEC;;100;2021-03-01 16:58:49;2021-03-01 16:58:49
958;RE1;ENGIE Réseaux;;100;2021-03-01 17:01:40;2021-03-01 17:01:40
991;CS1;Filiale CELSIUS;;100;2021-03-01 17:18:51;2021-03-01 17:18:51
1024;970;ENERGIES ET CLIMATIQUE;;100;2021-03-01 17:40:13;2021-03-01 17:40:13
1057;CCC;ENGIE Energie Services - ENGIE Cofely;;67;2021-03-02 08:44:54;2021-03-02 08:44:54
1058;CCC;ENGIE Energie Services - ENGIE Cofely;;67;2021-03-02 08:44:54;2021-03-02 08:44:54
1059;CCC;ENGIE Energie Services - ENGIE Cofely;;67;2021-03-02 08:44:54;2021-03-02 08:44:54
1060;CCC;ENGIE Energie Services - ENGIE Cofely;;67;2021-03-02 08:44:54;2021-03-02 08:44:54
1061;CCC;ENGIE Energie Services - ENGIE Cofely;;67;2021-03-02 08:44:54;2021-03-02 08:44:54
1062;CCC;ENGIE Energie Services - ENGIE Cofely;;67;2021-03-02 08:44:54;2021-03-02 08:44:54
1063;CCC;ENGIE Energie Services - ENGIE Cofely;;67;2021-03-02 08:44:54;2021-03-02 08:44:54
1064;CCC;ENGIE Energie Services - ENGIE Cofely;;67;2021-03-02 08:44:54;2021-03-02 08:44:54
1065;CCC;ENGIE Energie Services - ENGIE Cofely;;67;2021-03-02 08:44:54;2021-03-02 08:44:54
1090;RE1;ENGIE Réseaux;;67;2021-03-02 08:55:43;2021-03-02 08:55:43
1091;RE1;ENGIE Réseaux;;67;2021-03-02 08:55:43;2021-03-02 08:55:43
1092;RE1;ENGIE Réseaux;;67;2021-03-02 08:55:43;2021-03-02 08:55:43
1093;RE1;ENGIE Réseaux;;67;2021-03-02 08:55:43;2021-03-02 08:55:43
1094;RE1;ENGIE Réseaux;;67;2021-03-02 08:55:43;2021-03-02 08:55:43
1095;RE1;ENGIE Réseaux;;67;2021-03-02 08:55:43;2021-03-02 08:55:43
1096;RE1;ENGIE Réseaux;;67;2021-03-02 08:55:43;2021-03-02 08:55:43
1097;RE1;ENGIE Réseaux;;67;2021-03-02 08:55:43;2021-03-02 08:55:43
1098;RE1;ENGIE Réseaux;;67;2021-03-02 08:55:43;2021-03-02 08:55:43
1099;RE1;ENGIE Réseaux;;67;2021-03-02 08:55:43;2021-03-02 08:55:43
1100;RE1;ENGIE Réseaux;;67;2021-03-02 08:55:43;2021-03-02 08:55:43
1101;RE1;ENGIE Réseaux;;67;2021-03-02 08:55:43;2021-03-02 08:55:43
1102;RE1;ENGIE Réseaux;;67;2021-03-02 08:55:43;2021-03-02 08:55:43
1103;RE1;ENGIE Réseaux;;67;2021-03-02 08:55:43;2021-03-02 08:55:43
1104;RE1;ENGIE Réseaux;;67;2021-03-02 08:55:43;2021-03-02 08:55:43
1105;RE1;ENGIE Réseaux;;67;2021-03-02 08:55:43;2021-03-02 08:55:43
1106;RE1;ENGIE Réseaux;;67;2021-03-02 08:55:43;2021-03-02 08:55:43
1107;RE1;ENGIE Réseaux;;67;2021-03-02 08:55:43;2021-03-02 08:55:43
1108;RE1;ENGIE Réseaux;;67;2021-03-02 08:55:43;2021-03-02 08:55:43
1109;RE1;ENGIE Réseaux;;67;2021-03-02 08:55:43;2021-03-02 08:55:43
1110;RE1;ENGIE Réseaux;;67;2021-03-02 08:55:43;2021-03-02 08:55:43
1111;RE1;ENGIE Réseaux;;67;2021-03-02 08:55:43;2021-03-02 08:55:43
1112;RE1;ENGIE Réseaux;;67;2021-03-02 08:55:43;2021-03-02 08:55:43
1113;RE1;ENGIE Réseaux;;67;2021-03-02 08:55:43;2021-03-02 08:55:43
1114;RE1;ENGIE Réseaux;;67;2021-03-02 08:55:43;2021-03-02 08:55:43
1115;RE1;ENGIE Réseaux;;67;2021-03-02 08:55:43;2021-03-02 08:55:43
1116;RE1;ENGIE Réseaux;;67;2021-03-02 08:55:43;2021-03-02 08:55:43
1117;RE1;ENGIE Réseaux;;67;2021-03-02 08:55:43;2021-03-02 08:55:43
1118;RE1;ENGIE Réseaux;;67;2021-03-02 08:55:43;2021-03-02 08:55:43
1119;RE1;ENGIE Réseaux;;67;2021-03-02 08:55:43;2021-03-02 08:55:43
1120;RE1;ENGIE Réseaux;;67;2021-03-02 08:55:43;2021-03-02 08:55:43
1121;RE1;ENGIE Réseaux;;67;2021-03-02 08:55:43;2021-03-02 08:55:43
1122;RE1;ENGIE Réseaux;;67;2021-03-02 08:55:43;2021-03-02 08:55:43
1123;RE1;ENGIE Réseaux;;67;2021-03-02 08:55:43;2021-03-02 08:55:43
1124;RE1;ENGIE Réseaux;;67;2021-03-02 08:55:43;2021-03-02 08:55:43
1125;RE1;ENGIE Réseaux;;67;2021-03-02 08:55:43;2021-03-02 08:55:43
1126;RE1;ENGIE Réseaux;;67;2021-03-02 08:55:43;2021-03-02 08:55:43
1127;RE1;ENGIE Réseaux;;67;2021-03-02 08:55:43;2021-03-02 08:55:43
1128;RE1;ENGIE Réseaux;;67;2021-03-02 08:55:43;2021-03-02 08:55:43
1129;WV1;FIL ENERSUD;;67;2021-03-02 08:55:44;2021-03-02 08:55:44
1130;WV1;FIL ENERSUD;;67;2021-03-02 08:55:44;2021-03-02 08:55:44
1131;NOA;ENORIS;;67;2021-03-02 08:55:44;2021-03-02 08:55:44
1132;NOA;ENORIS;;67;2021-03-02 08:55:44;2021-03-02 08:55:44
1133;WV1;FIL ENERSUD;;67;2021-03-02 08:55:44;2021-03-02 08:55:44
1134;NOA;ENORIS;;67;2021-03-02 08:55:44;2021-03-02 08:55:44
1135;NOA;ENORIS;;67;2021-03-02 08:55:44;2021-03-02 08:55:44
1136;NOA;ENORIS;;67;2021-03-02 08:55:44;2021-03-02 08:55:44
1137;WV1;FIL ENERSUD;;67;2021-03-02 08:55:44;2021-03-02 08:55:44
1138;WV1;FIL ENERSUD;;67;2021-03-02 08:55:44;2021-03-02 08:55:44
1139;WV1;FIL ENERSUD;;67;2021-03-02 08:55:44;2021-03-02 08:55:44
1140;NOA;ENORIS;;67;2021-03-02 08:55:44;2021-03-02 08:55:44
1141;NOA;ENORIS;;67;2021-03-02 08:55:44;2021-03-02 08:55:44
1142;NOA;ENORIS;;67;2021-03-02 08:55:44;2021-03-02 08:55:44
1143;NOA;ENORIS;;67;2021-03-02 08:55:44;2021-03-02 08:55:44
1144;WV1;FIL ENERSUD;;67;2021-03-02 08:55:44;2021-03-02 08:55:44
1146;NOA;ENORIS;;67;2021-03-02 08:55:44;2021-03-02 08:55:44
1147;M9K;COGELYO IDF;;67;2021-03-02 08:55:44;2021-03-02 08:55:44
1148;NOA;ENORIS;;67;2021-03-02 08:55:44;2021-03-02 08:55:44
1149;WV1;FIL ENERSUD;;67;2021-03-02 08:55:44;2021-03-02 08:55:44
1150;NOA;ENORIS;;67;2021-03-02 08:55:44;2021-03-02 08:55:44
1151;ERA;RANGUEIL ENERGIE SERVICES;;67;2021-03-02 08:55:44;2021-03-02 08:55:44
1152;WV1;FIL ENERSUD;;67;2021-03-02 08:55:44;2021-03-02 08:55:44
1153;NOA;ENORIS;;67;2021-03-02 08:55:44;2021-03-02 08:55:44
1154;NOA;ENORIS;;67;2021-03-02 08:55:44;2021-03-02 08:55:44
1155;NOA;ENORIS;;67;2021-03-02 08:55:44;2021-03-02 08:55:44
1156;WV1;FIL ENERSUD;;67;2021-03-02 08:55:44;2021-03-02 08:55:44
1157;Z12;CIEC;;67;2021-03-02 08:55:44;2021-03-02 08:55:44
1158;WV1;FIL ENERSUD;;67;2021-03-02 08:55:44;2021-03-02 08:55:44
1159;WV1;FIL ENERSUD;;67;2021-03-02 08:55:44;2021-03-02 08:55:44
1160;NOA;ENORIS;;67;2021-03-02 08:55:44;2021-03-02 08:55:44
1161;Z12;CIEC;;67;2021-03-02 08:55:44;2021-03-02 08:55:44
1162;NOA;ENORIS;;67;2021-03-02 08:55:44;2021-03-02 08:55:44
1163;Z12;CIEC;;67;2021-03-02 08:55:44;2021-03-02 08:55:44
1164;M9K;COGELYO IDF;;67;2021-03-02 08:55:44;2021-03-02 08:55:44
1165;NOA;ENORIS;;67;2021-03-02 08:55:44;2021-03-02 08:55:44
1166;NOA;ENORIS;;67;2021-03-02 08:55:44;2021-03-02 08:55:44
1167;NOA;ENORIS;;67;2021-03-02 08:55:44;2021-03-02 08:55:44
1168;NOA;ENORIS;;67;2021-03-02 08:55:44;2021-03-02 08:55:44
1169;Z12;CIEC;;67;2021-03-02 08:55:44;2021-03-02 08:55:44
1170;WV1;FIL ENERSUD;;67;2021-03-02 08:55:44;2021-03-02 08:55:44
1145;NOA;ENORIS;;67;2021-03-02 08:55:44;2021-03-02 08:55:44
1171;Z12;CIEC;;67;2021-03-02 08:55:44;2021-03-02 08:55:44
1172;NOA;ENORIS;;67;2021-03-02 08:55:45;2021-03-02 08:55:45
1173;Z12;CIEC;;67;2021-03-02 08:55:45;2021-03-02 08:55:45
1174;WV1;FIL ENERSUD;;67;2021-03-02 08:55:45;2021-03-02 08:55:45
1175;Z12;CIEC;;67;2021-03-02 08:55:45;2021-03-02 08:55:45
1176;PGA;PLAINE DE GARONNE ENERGIES;;67;2021-03-02 08:55:51;2021-03-02 08:55:51
1177;HPA;Direction ESEIS;;67;2021-03-02 08:55:51;2021-03-02 08:55:51
1178;HPA;Direction ESEIS;;67;2021-03-02 08:55:51;2021-03-02 08:55:51
1179;HPA;Direction ESEIS;;67;2021-03-02 08:55:51;2021-03-02 08:55:51
1180;HPA;Direction ESEIS;;67;2021-03-02 08:55:51;2021-03-02 08:55:51
1181;HPA;Direction ESEIS;;67;2021-03-02 08:55:51;2021-03-02 08:55:51
1182;HPA;Direction ESEIS;;67;2021-03-02 08:55:51;2021-03-02 08:55:51
1183;HPA;Direction ESEIS;;67;2021-03-02 08:55:51;2021-03-02 08:55:51
1184;HPA;Direction ESEIS;;67;2021-03-02 08:55:51;2021-03-02 08:55:51
1185;PGA;PLAINE DE GARONNE ENERGIES;;67;2021-03-02 08:55:51;2021-03-02 08:55:51
1186;PGA;PLAINE DE GARONNE ENERGIES;;67;2021-03-02 08:55:51;2021-03-02 08:55:51
1187;EBG;SOGESUB;;67;2021-03-02 08:55:51;2021-03-02 08:55:51
1188;HAA;FIL GEOTELL;;67;2021-03-02 08:55:51;2021-03-02 08:55:51
1189;RO1;FIL ROSEO;;67;2021-03-02 08:55:51;2021-03-02 08:55:51
1190;RO1;FIL ROSEO;;67;2021-03-02 08:55:51;2021-03-02 08:55:51
1191;PGA;PLAINE DE GARONNE ENERGIES;;67;2021-03-02 08:55:51;2021-03-02 08:55:51
1192;PGA;PLAINE DE GARONNE ENERGIES;;67;2021-03-02 08:55:51;2021-03-02 08:55:51
1193;PGA;PLAINE DE GARONNE ENERGIES;;67;2021-03-02 08:55:51;2021-03-02 08:55:51
1194;HAA;FIL GEOTELL;;67;2021-03-02 08:55:51;2021-03-02 08:55:51
1195;PGA;PLAINE DE GARONNE ENERGIES;;67;2021-03-02 08:55:51;2021-03-02 08:55:51
1196;NBA;GUERET;;67;2021-03-02 08:55:51;2021-03-02 08:55:51
1197;HAA;FIL GEOTELL;;67;2021-03-02 08:55:51;2021-03-02 08:55:51
1198;PGA;PLAINE DE GARONNE ENERGIES;;67;2021-03-02 08:55:51;2021-03-02 08:55:51
1199;PGA;PLAINE DE GARONNE ENERGIES;;67;2021-03-02 08:55:51;2021-03-02 08:55:51
1200;PGA;PLAINE DE GARONNE ENERGIES;;67;2021-03-02 08:55:51;2021-03-02 08:55:51
1201;HAA;FIL GEOTELL;;67;2021-03-02 08:55:51;2021-03-02 08:55:51
1202;EBD;COGIF;;67;2021-03-02 08:55:51;2021-03-02 08:55:51
1203;EBG;SOGESUB;;67;2021-03-02 08:55:51;2021-03-02 08:55:51
1204;PGA;PLAINE DE GARONNE ENERGIES;;67;2021-03-02 08:55:51;2021-03-02 08:55:51
1205;HPA;Direction ESEIS;;67;2021-03-02 08:55:51;2021-03-02 08:55:51
1206;HPA;Direction ESEIS;;67;2021-03-02 08:55:51;2021-03-02 08:55:51
1207;PGA;PLAINE DE GARONNE ENERGIES;;67;2021-03-02 08:55:51;2021-03-02 08:55:51
1208;EBD;COGIF;;67;2021-03-02 08:55:51;2021-03-02 08:55:51
1209;HPA;Direction ESEIS;;67;2021-03-02 08:55:51;2021-03-02 08:55:51
1210;SV0;SOVEN;;67;2021-03-02 08:55:51;2021-03-02 08:55:51
1211;HPA;Direction ESEIS;;67;2021-03-02 08:55:51;2021-03-02 08:55:51
1212;HPA;Direction ESEIS;;67;2021-03-02 08:55:51;2021-03-02 08:55:51
1213;HPA;Direction ESEIS;;67;2021-03-02 08:55:51;2021-03-02 08:55:51
1214;HPA;Direction ESEIS;;67;2021-03-02 08:55:51;2021-03-02 08:55:51
1215;HPA;Direction ESEIS;;67;2021-03-02 08:55:51;2021-03-02 08:55:51
1216;HPA;Direction ESEIS;;67;2021-03-02 08:55:51;2021-03-02 08:55:51
1217;HAA;FIL GEOTELL;;67;2021-03-02 08:55:50;2021-03-02 08:55:50
1218;HPA;Direction ESEIS;;67;2021-03-02 08:55:51;2021-03-02 08:55:51
1219;EBG;SOGESUB;;67;2021-03-02 08:55:51;2021-03-02 08:55:51
1220;EBD;COGIF;;67;2021-03-02 08:55:51;2021-03-02 08:55:51
1221;HAA;FIL GEOTELL;;67;2021-03-02 08:55:51;2021-03-02 08:55:51
1222;HAA;FIL GEOTELL;;67;2021-03-02 08:55:51;2021-03-02 08:55:51
1223;HPA;Direction ESEIS;;67;2021-03-02 08:55:51;2021-03-02 08:55:51
1224;HPA;Direction ESEIS;;67;2021-03-02 08:55:51;2021-03-02 08:55:51
1225;HPA;Direction ESEIS;;67;2021-03-02 08:55:51;2021-03-02 08:55:51
1226;HPA;Direction ESEIS;;67;2021-03-02 08:55:51;2021-03-02 08:55:51
1227;JO7;VSPU;;67;2021-03-02 08:55:52;2021-03-02 08:55:52
1229;JO7;VSPU;;67;2021-03-02 08:55:53;2021-03-02 08:55:53
1455;82A;Filiale SCDC;;67;2021-03-02 08:55:56;2021-03-02 08:55:56
1234;JO7;VSPU;;67;2021-03-02 08:55:52;2021-03-02 08:55:52
1237;JO7;VSPU;;67;2021-03-02 08:55:52;2021-03-02 08:55:52
1236;JO7;VSPU;;67;2021-03-02 08:55:52;2021-03-02 08:55:52
1409;RS1;ENGIE BU Réseaux;;67;2021-03-02 08:55:55;2021-03-02 08:55:55
1228;JO7;VSPU;;67;2021-03-02 08:55:52;2021-03-02 08:55:52
1412;62A;Filiale SECIP;;67;2021-03-02 08:55:55;2021-03-02 08:55:55
1230;JO7;VSPU;;67;2021-03-02 08:55:53;2021-03-02 08:55:53
1430;GEA;FIL GENNEVILLIERS ENERGIE;;67;2021-03-02 08:55:56;2021-03-02 08:55:56
1231;JO7;VSPU;;67;2021-03-02 08:55:53;2021-03-02 08:55:53
1393;RN1;Filiale En'RnoV;;67;2021-03-02 08:55:55;2021-03-02 08:55:55
1232;JO7;VSPU;;67;2021-03-02 08:55:52;2021-03-02 08:55:52
1456;82A;Filiale SCDC;;67;2021-03-02 08:55:56;2021-03-02 08:55:56
1233;E1A;Direction générale ECH2F;;67;2021-03-02 08:55:52;2021-03-02 08:55:52
1406;62A;Filiale SECIP;;67;2021-03-02 08:55:55;2021-03-02 08:55:55
1235;JO7;VSPU;;67;2021-03-02 08:55:52;2021-03-02 08:55:52
1454;82A;Filiale SCDC;;67;2021-03-02 08:55:56;2021-03-02 08:55:56
1238;JO7;VSPU;;67;2021-03-02 08:55:52;2021-03-02 08:55:52
1240;JO7;VSPU;;67;2021-03-02 08:55:53;2021-03-02 08:55:53
1239;JO7;VSPU;;67;2021-03-02 08:55:52;2021-03-02 08:55:52
1241;JO7;VSPU;;67;2021-03-02 08:55:53;2021-03-02 08:55:53
1242;JO7;VSPU;;67;2021-03-02 08:55:53;2021-03-02 08:55:53
1407;UQ0;Tête de BU Afrique;;67;2021-03-02 08:55:55;2021-03-02 08:55:55
1414;62A;Filiale SECIP;;67;2021-03-02 08:55:55;2021-03-02 08:55:55
1415;62A;Filiale SECIP;;67;2021-03-02 08:55:55;2021-03-02 08:55:55
1243;L74;VELIDIS;;67;2021-03-02 08:55:53;2021-03-02 08:55:53
1244;L74;VELIDIS;;67;2021-03-02 08:55:53;2021-03-02 08:55:53
1427;SSA;FIL STADE ENERGIE SAS;;67;2021-03-02 08:55:56;2021-03-02 08:55:56
1245;L74;VELIDIS;;67;2021-03-02 08:55:53;2021-03-02 08:55:53
1246;JO7;VSPU;;67;2021-03-02 08:55:53;2021-03-02 08:55:53
1247;L74;VELIDIS;;67;2021-03-02 08:55:53;2021-03-02 08:55:53
1248;EAG;GEOTHILYS;;67;2021-03-02 08:55:53;2021-03-02 08:55:53
1396;US0;Tête de BU B2B;;67;2021-03-02 08:55:55;2021-03-02 08:55:55
1408;UQ0;Tête de BU Afrique;;67;2021-03-02 08:55:55;2021-03-02 08:55:55
1413;62A;Filiale SECIP;;67;2021-03-02 08:55:55;2021-03-02 08:55:55
1249;GFA;GNVERT;;67;2021-03-02 08:55:53;2021-03-02 08:55:53
1250;AYA;AURILLAC CHALEUR BOIS;;67;2021-03-02 08:55:53;2021-03-02 08:55:53
1410;RS1;ENGIE BU Réseaux;;67;2021-03-02 08:55:55;2021-03-02 08:55:55
1251;EAG;GEOTHILYS;;67;2021-03-02 08:55:53;2021-03-02 08:55:53
1252;EAG;GEOTHILYS;;67;2021-03-02 08:55:53;2021-03-02 08:55:53
1459;82A;Filiale SCDC;;67;2021-03-02 08:55:56;2021-03-02 08:55:56
1253;GFA;GNVERT;;67;2021-03-02 08:55:53;2021-03-02 08:55:53
1254;GFA;GNVERT;;67;2021-03-02 08:55:53;2021-03-02 08:55:53
1255;GFA;GNVERT;;67;2021-03-02 08:55:53;2021-03-02 08:55:53
1462;82A;Filiale SCDC;;67;2021-03-02 08:55:56;2021-03-02 08:55:56
1256;GFA;GNVERT;;67;2021-03-02 08:55:53;2021-03-02 08:55:53
1433;82A;Filiale SCDC;;67;2021-03-02 08:55:56;2021-03-02 08:55:56
1257;GFA;GNVERT;;67;2021-03-02 08:55:53;2021-03-02 08:55:53
1495;962;Evergreen;;67;2021-03-02 08:55:56;2021-03-02 08:55:56
1258;GFA;GNVERT;;67;2021-03-02 08:55:53;2021-03-02 08:55:53
1259;GFA;GNVERT;;67;2021-03-02 08:55:54;2021-03-02 08:55:54
1260;GFA;GNVERT;;67;2021-03-02 08:55:54;2021-03-02 08:55:54
1261;AYA;AURILLAC CHALEUR BOIS;;67;2021-03-02 08:55:54;2021-03-02 08:55:54
1262;GFA;GNVERT;;67;2021-03-02 08:55:54;2021-03-02 08:55:54
1263;GFA;GNVERT;;67;2021-03-02 08:55:54;2021-03-02 08:55:54
1435;82A;Filiale SCDC;;67;2021-03-02 08:55:56;2021-03-02 08:55:56
1450;82A;Filiale SCDC;;67;2021-03-02 08:55:56;2021-03-02 08:55:56
1460;82A;Filiale SCDC;;67;2021-03-02 08:55:56;2021-03-02 08:55:56
1481;960;Perigord Energies;;67;2021-03-02 08:55:56;2021-03-02 08:55:56
1485;949;Sethelec;;67;2021-03-02 08:55:56;2021-03-02 08:55:56
1491;960;Perigord Energies;;67;2021-03-02 08:55:56;2021-03-02 08:55:56
1264;GFA;GNVERT;;67;2021-03-02 08:55:54;2021-03-02 08:55:54
1265;GFA;GNVERT;;67;2021-03-02 08:55:54;2021-03-02 08:55:54
1436;82A;Filiale SCDC;;67;2021-03-02 08:55:56;2021-03-02 08:55:56
1479;949;Sethelec;;67;2021-03-02 08:55:56;2021-03-02 08:55:56
1266;GFA;GNVERT;;67;2021-03-02 08:55:54;2021-03-02 08:55:54
1488;TMB;TOURS METROPOLE ENERGIES DURABLES;;67;2021-03-02 08:55:56;2021-03-02 08:55:56
1267;GFA;GNVERT;;67;2021-03-02 08:55:54;2021-03-02 08:55:54
1268;GFA;GNVERT;;67;2021-03-02 08:55:54;2021-03-02 08:55:54
1467;949;Sethelec;;67;2021-03-02 08:55:56;2021-03-02 08:55:56
1476;960;Perigord Energies;;67;2021-03-02 08:55:56;2021-03-02 08:55:56
1269;GFA;GNVERT;;67;2021-03-02 08:55:54;2021-03-02 08:55:54
1270;GFA;GNVERT;;67;2021-03-02 08:55:54;2021-03-02 08:55:54
1271;GFA;GNVERT;;67;2021-03-02 08:55:54;2021-03-02 08:55:54
1272;GFA;GNVERT;;67;2021-03-02 08:55:54;2021-03-02 08:55:54
1273;EAG;GEOTHILYS;;67;2021-03-02 08:55:54;2021-03-02 08:55:54
1437;82A;Filiale SCDC;;67;2021-03-02 08:55:56;2021-03-02 08:55:56
1461;949;Sethelec;;67;2021-03-02 08:55:56;2021-03-02 08:55:56
1473;82A;Filiale SCDC;;67;2021-03-02 08:55:56;2021-03-02 08:55:56
1474;82A;Filiale SCDC;;67;2021-03-02 08:55:56;2021-03-02 08:55:56
1274;GFA;GNVERT;;67;2021-03-02 08:55:54;2021-03-02 08:55:54
1275;GFA;GNVERT;;67;2021-03-02 08:55:54;2021-03-02 08:55:54
1276;GFA;GNVERT;;67;2021-03-02 08:55:54;2021-03-02 08:55:54
1277;GFA;GNVERT;;67;2021-03-02 08:55:54;2021-03-02 08:55:54
1448;82A;Filiale SCDC;;67;2021-03-02 08:55:56;2021-03-02 08:55:56
1463;82A;Filiale SCDC;;67;2021-03-02 08:55:56;2021-03-02 08:55:56
1278;GFA;GNVERT;;67;2021-03-02 08:55:54;2021-03-02 08:55:54
1279;GFA;GNVERT;;67;2021-03-02 08:55:54;2021-03-02 08:55:54
1280;GFA;GNVERT;;67;2021-03-02 08:55:54;2021-03-02 08:55:54
1281;GFA;GNVERT;;67;2021-03-02 08:55:54;2021-03-02 08:55:54
1282;GFA;GNVERT;;67;2021-03-02 08:55:54;2021-03-02 08:55:54
1283;GFA;GNVERT;;67;2021-03-02 08:55:54;2021-03-02 08:55:54
1284;GFA;GNVERT;;67;2021-03-02 08:55:54;2021-03-02 08:55:54
1285;GFA;GNVERT;;67;2021-03-02 08:55:54;2021-03-02 08:55:54
1286;GFA;GNVERT;;67;2021-03-02 08:55:54;2021-03-02 08:55:54
1441;82A;Filiale SCDC;;67;2021-03-02 08:55:56;2021-03-02 08:55:56
1446;82A;Filiale SCDC;;67;2021-03-02 08:55:56;2021-03-02 08:55:56
1449;82A;Filiale SCDC;;67;2021-03-02 08:55:56;2021-03-02 08:55:56
1465;82A;Filiale SCDC;;67;2021-03-02 08:55:56;2021-03-02 08:55:56
1471;949;Sethelec;;67;2021-03-02 08:55:56;2021-03-02 08:55:56
1489;960;Perigord Energies;;67;2021-03-02 08:55:56;2021-03-02 08:55:56
1287;GFA;GNVERT;;67;2021-03-02 08:55:54;2021-03-02 08:55:54
1420;62A;Filiale SECIP;;67;2021-03-02 08:55:55;2021-03-02 08:55:55
1288;GFA;GNVERT;;67;2021-03-02 08:55:54;2021-03-02 08:55:54
1289;GFA;GNVERT;;67;2021-03-02 08:55:54;2021-03-02 08:55:54
1290;GFA;GNVERT;;67;2021-03-02 08:55:54;2021-03-02 08:55:54
1472;82A;Filiale SCDC;;67;2021-03-02 08:55:56;2021-03-02 08:55:56
1291;GFA;GNVERT;;67;2021-03-02 08:55:54;2021-03-02 08:55:54
1447;82A;Filiale SCDC;;67;2021-03-02 08:55:56;2021-03-02 08:55:56
1292;GFA;GNVERT;;67;2021-03-02 08:55:54;2021-03-02 08:55:54
1293;GFA;GNVERT;;67;2021-03-02 08:55:54;2021-03-02 08:55:54
1294;GFA;GNVERT;;67;2021-03-02 08:55:54;2021-03-02 08:55:54
1295;GFA;GNVERT;;67;2021-03-02 08:55:54;2021-03-02 08:55:54
1296;GFA;GNVERT;;67;2021-03-02 08:55:54;2021-03-02 08:55:54
1434;82A;Filiale SCDC;;67;2021-03-02 08:55:56;2021-03-02 08:55:56
1458;82A;Filiale SCDC;;67;2021-03-02 08:55:56;2021-03-02 08:55:56
1464;600;POLE UTILITES SERVICES;;67;2021-03-02 08:55:56;2021-03-02 08:55:56
1470;82A;Filiale SCDC;;67;2021-03-02 08:55:56;2021-03-02 08:55:56
1483;949;Sethelec;;67;2021-03-02 08:55:56;2021-03-02 08:55:56
1297;GFA;GNVERT;;67;2021-03-02 08:55:54;2021-03-02 08:55:54
1298;GFA;GNVERT;;67;2021-03-02 08:55:54;2021-03-02 08:55:54
1299;GFA;GNVERT;;67;2021-03-02 08:55:54;2021-03-02 08:55:54
1300;GFA;GNVERT;;67;2021-03-02 08:55:54;2021-03-02 08:55:54
1411;62A;Filiale SECIP;;67;2021-03-02 08:55:55;2021-03-02 08:55:55
1440;82A;Filiale SCDC;;67;2021-03-02 08:55:56;2021-03-02 08:55:56
1301;GFA;GNVERT;;67;2021-03-02 08:55:54;2021-03-02 08:55:54
1490;Z0K;REVIA;;67;2021-03-02 08:55:56;2021-03-02 08:55:56
1302;GFA;GNVERT;;67;2021-03-02 08:55:54;2021-03-02 08:55:54
1303;GFA;GNVERT;;67;2021-03-02 08:55:54;2021-03-02 08:55:54
1419;62A;Filiale SECIP;;67;2021-03-02 08:55:55;2021-03-02 08:55:55
1304;GFA;GNVERT;;67;2021-03-02 08:55:54;2021-03-02 08:55:54
1305;GFA;GNVERT;;67;2021-03-02 08:55:54;2021-03-02 08:55:54
1306;GFA;GNVERT;;67;2021-03-02 08:55:54;2021-03-02 08:55:54
1307;GFA;GNVERT;;67;2021-03-02 08:55:54;2021-03-02 08:55:54
1308;GFA;GNVERT;;67;2021-03-02 08:55:54;2021-03-02 08:55:54
1309;GFA;GNVERT;;67;2021-03-02 08:55:54;2021-03-02 08:55:54
1310;GFA;GNVERT;;67;2021-03-02 08:55:54;2021-03-02 08:55:54
1442;82A;Filiale SCDC;;67;2021-03-02 08:55:56;2021-03-02 08:55:56
1452;82A;Filiale SCDC;;67;2021-03-02 08:55:56;2021-03-02 08:55:56
1453;82A;Filiale SCDC;;67;2021-03-02 08:55:56;2021-03-02 08:55:56
1486;TMB;TOURS METROPOLE ENERGIES DURABLES;;67;2021-03-02 08:55:56;2021-03-02 08:55:56
1311;GFA;GNVERT;;67;2021-03-02 08:55:54;2021-03-02 08:55:54
1312;GFA;GNVERT;;67;2021-03-02 08:55:54;2021-03-02 08:55:54
1313;GFA;GNVERT;;67;2021-03-02 08:55:54;2021-03-02 08:55:54
1314;GFA;GNVERT;;67;2021-03-02 08:55:54;2021-03-02 08:55:54
1457;82A;Filiale SCDC;;67;2021-03-02 08:55:56;2021-03-02 08:55:56
1484;BRA;RESEAU SUD-OUEST ENERGIES SERVICES;;67;2021-03-02 08:55:56;2021-03-02 08:55:56
1492;TMB;TOURS METROPOLE ENERGIES DURABLES;;67;2021-03-02 08:55:56;2021-03-02 08:55:56
1315;GFA;GNVERT;;67;2021-03-02 08:55:54;2021-03-02 08:55:54
1316;GFA;GNVERT;;67;2021-03-02 08:55:54;2021-03-02 08:55:54
1317;GFA;GNVERT;;67;2021-03-02 08:55:54;2021-03-02 08:55:54
1318;GFA;GNVERT;;67;2021-03-02 08:55:54;2021-03-02 08:55:54
1439;82A;Filiale SCDC;;67;2021-03-02 08:55:56;2021-03-02 08:55:56
1487;TMB;TOURS METROPOLE ENERGIES DURABLES;;67;2021-03-02 08:55:56;2021-03-02 08:55:56
1319;GFA;GNVERT;;67;2021-03-02 08:55:54;2021-03-02 08:55:54
1320;GFA;GNVERT;;67;2021-03-02 08:55:54;2021-03-02 08:55:54
1321;GFA;GNVERT;;67;2021-03-02 08:55:54;2021-03-02 08:55:54
1322;GFA;GNVERT;;67;2021-03-02 08:55:54;2021-03-02 08:55:54
1323;GFA;GNVERT;;67;2021-03-02 08:55:54;2021-03-02 08:55:54
1324;GFA;GNVERT;;67;2021-03-02 08:55:54;2021-03-02 08:55:54
1325;GFA;GNVERT;;67;2021-03-02 08:55:54;2021-03-02 08:55:54
1444;82A;Filiale SCDC;;67;2021-03-02 08:55:56;2021-03-02 08:55:56
1480;949;Sethelec;;67;2021-03-02 08:55:56;2021-03-02 08:55:56
1493;TMB;TOURS METROPOLE ENERGIES DURABLES;;67;2021-03-02 08:55:56;2021-03-02 08:55:56
1326;GFA;GNVERT;;67;2021-03-02 08:55:54;2021-03-02 08:55:54
1327;GFA;GNVERT;;67;2021-03-02 08:55:54;2021-03-02 08:55:54
1328;GFA;GNVERT;;67;2021-03-02 08:55:54;2021-03-02 08:55:54
1329;GFA;GNVERT;;67;2021-03-02 08:55:54;2021-03-02 08:55:54
1330;UW0;BU HYDROGENE;;67;2021-03-02 08:55:54;2021-03-02 08:55:54
1331;UW0;BU HYDROGENE;;67;2021-03-02 08:55:54;2021-03-02 08:55:54
1332;UW0;BU HYDROGENE;;67;2021-03-02 08:55:54;2021-03-02 08:55:54
1333;UW0;BU HYDROGENE;;67;2021-03-02 08:55:54;2021-03-02 08:55:54
1334;CS1;Filiale CELSIUS;;67;2021-03-02 08:55:54;2021-03-02 08:55:54
1335;AF1;DARGENT THERMIQUE;;67;2021-03-02 08:55:54;2021-03-02 08:55:54
1336;GDA;ARSYEL;;67;2021-03-02 08:55:54;2021-03-02 08:55:54
1337;BAA;PAU BEARN PYREEES ENERGIES S;;67;2021-03-02 08:55:54;2021-03-02 08:55:54
1338;CS1;Filiale CELSIUS;;67;2021-03-02 08:55:54;2021-03-02 08:55:54
1339;CS1;Filiale CELSIUS;;67;2021-03-02 08:55:54;2021-03-02 08:55:54
1340;RIA;PLATEAU NORD ENERGIE;;67;2021-03-02 08:55:54;2021-03-02 08:55:54
1468;949;Sethelec;;67;2021-03-02 08:55:56;2021-03-02 08:55:56
1341;CRA;Filiale CEC CRISTAL ECO CHALEUR;;67;2021-03-02 08:55:54;2021-03-02 08:55:54
1342;AF1;DARGENT THERMIQUE;;67;2021-03-02 08:55:54;2021-03-02 08:55:54
1343;AF1;DARGENT THERMIQUE;;67;2021-03-02 08:55:54;2021-03-02 08:55:54
1344;AF1;DARGENT THERMIQUE;;67;2021-03-02 08:55:54;2021-03-02 08:55:54
1345;AF1;DARGENT THERMIQUE;;67;2021-03-02 08:55:54;2021-03-02 08:55:54
1346;CS1;Filiale CELSIUS;;67;2021-03-02 08:55:54;2021-03-02 08:55:54
1347;VA1;Filiale VALAXION;;67;2021-03-02 08:55:54;2021-03-02 08:55:54
1348;CRA;Filiale CEC CRISTAL ECO CHALEUR;;67;2021-03-02 08:55:54;2021-03-02 08:55:54
1349;AF1;DARGENT THERMIQUE;;67;2021-03-02 08:55:54;2021-03-02 08:55:54
1350;AF1;DARGENT THERMIQUE;;67;2021-03-02 08:55:54;2021-03-02 08:55:54
1351;AF1;DARGENT THERMIQUE;;67;2021-03-02 08:55:54;2021-03-02 08:55:54
1352;AF1;DARGENT THERMIQUE;;67;2021-03-02 08:55:54;2021-03-02 08:55:54
1353;CRA;Filiale CEC CRISTAL ECO CHALEUR;;67;2021-03-02 08:55:54;2021-03-02 08:55:54
1354;CRA;Filiale CEC CRISTAL ECO CHALEUR;;67;2021-03-02 08:55:54;2021-03-02 08:55:54
1355;AF1;DARGENT THERMIQUE;;67;2021-03-02 08:55:54;2021-03-02 08:55:54
1356;VA1;Filiale VALAXION;;67;2021-03-02 08:55:54;2021-03-02 08:55:54
1357;CS1;Filiale CELSIUS;;67;2021-03-02 08:55:54;2021-03-02 08:55:54
1358;CS1;Filiale CELSIUS;;67;2021-03-02 08:55:54;2021-03-02 08:55:54
1359;CS1;Filiale CELSIUS;;67;2021-03-02 08:55:54;2021-03-02 08:55:54
1360;AF1;DARGENT THERMIQUE;;67;2021-03-02 08:55:54;2021-03-02 08:55:54
1361;CS1;Filiale CELSIUS;;67;2021-03-02 08:55:54;2021-03-02 08:55:54
1362;BAA;PAU BEARN PYREEES ENERGIES S;;67;2021-03-02 08:55:54;2021-03-02 08:55:54
1363;BAA;PAU BEARN PYREEES ENERGIES S;;67;2021-03-02 08:55:54;2021-03-02 08:55:54
1364;CRA;Filiale CEC CRISTAL ECO CHALEUR;;67;2021-03-02 08:55:54;2021-03-02 08:55:54
1365;VA1;Filiale VALAXION;;67;2021-03-02 08:55:54;2021-03-02 08:55:54
1366;CS1;Filiale CELSIUS;;67;2021-03-02 08:55:54;2021-03-02 08:55:54
1367;VA1;Filiale VALAXION;;67;2021-03-02 08:55:54;2021-03-02 08:55:54
1368;VA1;Filiale VALAXION;;67;2021-03-02 08:55:54;2021-03-02 08:55:54
1369;VA1;Filiale VALAXION;;67;2021-03-02 08:55:54;2021-03-02 08:55:54
1370;CS1;Filiale CELSIUS;;67;2021-03-02 08:55:54;2021-03-02 08:55:54
1371;CS1;Filiale CELSIUS;;67;2021-03-02 08:55:54;2021-03-02 08:55:54
1372;VA1;Filiale VALAXION;;67;2021-03-02 08:55:54;2021-03-02 08:55:54
1373;CS1;Filiale CELSIUS;;67;2021-03-02 08:55:54;2021-03-02 08:55:54
1374;VA1;Filiale VALAXION;;67;2021-03-02 08:55:54;2021-03-02 08:55:54
1375;AF1;DARGENT THERMIQUE;;67;2021-03-02 08:55:54;2021-03-02 08:55:54
1376;AF1;DARGENT THERMIQUE;;67;2021-03-02 08:55:54;2021-03-02 08:55:54
1377;CS1;Filiale CELSIUS;;67;2021-03-02 08:55:54;2021-03-02 08:55:54
1378;CS1;Filiale CELSIUS;;67;2021-03-02 08:55:54;2021-03-02 08:55:54
1379;AF1;DARGENT THERMIQUE;;67;2021-03-02 08:55:54;2021-03-02 08:55:54
1380;AF1;DARGENT THERMIQUE;;67;2021-03-02 08:55:54;2021-03-02 08:55:54
1381;AF1;DARGENT THERMIQUE;;67;2021-03-02 08:55:54;2021-03-02 08:55:54
1382;RN1;Filiale En'RnoV;;67;2021-03-02 08:55:55;2021-03-02 08:55:55
1383;RN1;Filiale En'RnoV;;67;2021-03-02 08:55:55;2021-03-02 08:55:55
1384;US0;Tête de BU B2B;;67;2021-03-02 08:55:55;2021-03-02 08:55:55
1385;RN1;Filiale En'RnoV;;67;2021-03-02 08:55:55;2021-03-02 08:55:55
1386;RN1;Filiale En'RnoV;;67;2021-03-02 08:55:55;2021-03-02 08:55:55
1387;RYA;REYSSOUZE ENERGIE SERVICES;;67;2021-03-02 08:55:55;2021-03-02 08:55:55
1388;UQ0;Tête de BU Afrique;;67;2021-03-02 08:55:55;2021-03-02 08:55:55
1389;RN1;Filiale En'RnoV;;67;2021-03-02 08:55:55;2021-03-02 08:55:55
1390;US0;Tête de BU B2B;;67;2021-03-02 08:55:55;2021-03-02 08:55:55
1391;US0;Tête de BU B2B;;67;2021-03-02 08:55:55;2021-03-02 08:55:55
1392;US0;Tête de BU B2B;;67;2021-03-02 08:55:55;2021-03-02 08:55:55
1394;RN1;Filiale En'RnoV;;67;2021-03-02 08:55:55;2021-03-02 08:55:55
1395;RN1;Filiale En'RnoV;;67;2021-03-02 08:55:55;2021-03-02 08:55:55
1397;RN1;Filiale En'RnoV;;67;2021-03-02 08:55:55;2021-03-02 08:55:55
1398;US0;Tête de BU B2B;;67;2021-03-02 08:55:55;2021-03-02 08:55:55
1399;RN1;Filiale En'RnoV;;67;2021-03-02 08:55:55;2021-03-02 08:55:55
1400;US0;Tête de BU B2B;;67;2021-03-02 08:55:55;2021-03-02 08:55:55
1401;RN1;Filiale En'RnoV;;67;2021-03-02 08:55:55;2021-03-02 08:55:55
1402;UQ0;Tête de BU Afrique;;67;2021-03-02 08:55:55;2021-03-02 08:55:55
1403;US0;Tête de BU B2B;;67;2021-03-02 08:55:55;2021-03-02 08:55:55
1404;US0;Tête de BU B2B;;67;2021-03-02 08:55:55;2021-03-02 08:55:55
1405;62A;Filiale SECIP;;67;2021-03-02 08:55:55;2021-03-02 08:55:55
1416;62A;Filiale SECIP;;67;2021-03-02 08:55:55;2021-03-02 08:55:55
1417;62A;Filiale SECIP;;67;2021-03-02 08:55:55;2021-03-02 08:55:55
1418;62A;Filiale SECIP;;67;2021-03-02 08:55:55;2021-03-02 08:55:55
1421;GEA;FIL GENNEVILLIERS ENERGIE;;67;2021-03-02 08:55:55;2021-03-02 08:55:55
1422;GEA;FIL GENNEVILLIERS ENERGIE;;67;2021-03-02 08:55:55;2021-03-02 08:55:55
1423;SSA;FIL STADE ENERGIE SAS;;67;2021-03-02 08:55:56;2021-03-02 08:55:56
1424;SSA;FIL STADE ENERGIE SAS;;67;2021-03-02 08:55:56;2021-03-02 08:55:56
1425;MTA;FIL MONCIA;;67;2021-03-02 08:55:55;2021-03-02 08:55:55
1426;GEA;FIL GENNEVILLIERS ENERGIE;;67;2021-03-02 08:55:56;2021-03-02 08:55:56
1428;SSA;FIL STADE ENERGIE SAS;;67;2021-03-02 08:55:56;2021-03-02 08:55:56
1429;GEA;FIL GENNEVILLIERS ENERGIE;;67;2021-03-02 08:55:56;2021-03-02 08:55:56
1431;MTA;FIL MONCIA;;67;2021-03-02 08:55:56;2021-03-02 08:55:56
1432;GEA;FIL GENNEVILLIERS ENERGIE;;67;2021-03-02 08:55:56;2021-03-02 08:55:56
1438;GEA;FIL GENNEVILLIERS ENERGIE;;67;2021-03-02 08:55:56;2021-03-02 08:55:56
1443;82A;Filiale SCDC;;67;2021-03-02 08:55:56;2021-03-02 08:55:56
1445;82A;Filiale SCDC;;67;2021-03-02 08:55:56;2021-03-02 08:55:56
1451;82A;Filiale SCDC;;67;2021-03-02 08:55:56;2021-03-02 08:55:56
1466;82A;Filiale SCDC;;67;2021-03-02 08:55:56;2021-03-02 08:55:56
1469;82A;Filiale SCDC;;67;2021-03-02 08:55:56;2021-03-02 08:55:56
1477;949;Sethelec;;67;2021-03-02 08:55:56;2021-03-02 08:55:56
1475;960;Perigord Energies;;67;2021-03-02 08:55:56;2021-03-02 08:55:56
1478;960;Perigord Energies;;67;2021-03-02 08:55:56;2021-03-02 08:55:56
1482;962;Evergreen;;67;2021-03-02 08:55:56;2021-03-02 08:55:56
1494;TMB;TOURS METROPOLE ENERGIES DURABLES;;67;2021-03-02 08:55:56;2021-03-02 08:55:56
1496;970;ENERGIES ET CLIMATIQUE;;67;2021-03-02 08:56:03;2021-03-02 08:56:03
1497;970;ENERGIES ET CLIMATIQUE;;67;2021-03-02 08:56:03;2021-03-02 08:56:03
1498;Z1E;BIOLAC;;67;2021-03-02 08:56:03;2021-03-02 08:56:03
1499;Z1E;BIOLAC;;67;2021-03-02 08:56:03;2021-03-02 08:56:03
1500;Z1E;BIOLAC;;67;2021-03-02 08:56:03;2021-03-02 08:56:03
1501;970;ENERGIES ET CLIMATIQUE;;67;2021-03-02 08:56:03;2021-03-02 08:56:03
1502;970;ENERGIES ET CLIMATIQUE;;67;2021-03-02 08:56:03;2021-03-02 08:56:03
1503;970;ENERGIES ET CLIMATIQUE;;67;2021-03-02 08:56:03;2021-03-02 08:56:03
1504;970;ENERGIES ET CLIMATIQUE;;67;2021-03-02 08:56:03;2021-03-02 08:56:03
1505;970;ENERGIES ET CLIMATIQUE;;67;2021-03-02 08:56:03;2021-03-02 08:56:03
1506;970;ENERGIES ET CLIMATIQUE;;67;2021-03-02 08:56:03;2021-03-02 08:56:03
1507;970;ENERGIES ET CLIMATIQUE;;67;2021-03-02 08:56:04;2021-03-02 08:56:04
1508;QH0;COGELYO  Nord-Est;;67;2021-03-02 08:56:04;2021-03-02 08:56:04
1509;CNA;FIL CERNAY ENERGIES ENVIRONNEMENT;;67;2021-03-02 08:56:04;2021-03-02 08:56:04
1510;790;COMETH-SOMOCLIM;;67;2021-03-02 08:56:04;2021-03-02 08:56:04
1511;QN5;Enersol;;67;2021-03-02 08:56:04;2021-03-02 08:56:04
1512;790;COMETH-SOMOCLIM;;67;2021-03-02 08:56:04;2021-03-02 08:56:04
1513;ETA;ETOUVIE ENERGIES & ENVIRONNEMENT (FIL);;67;2021-03-02 08:56:04;2021-03-02 08:56:04
1514;790;COMETH-SOMOCLIM;;67;2021-03-02 08:56:04;2021-03-02 08:56:04
1515;790;COMETH-SOMOCLIM;;67;2021-03-02 08:56:04;2021-03-02 08:56:04
1516;QN5;Enersol;;67;2021-03-02 08:56:04;2021-03-02 08:56:04
1517;790;COMETH-SOMOCLIM;;67;2021-03-02 08:56:04;2021-03-02 08:56:04
1518;790;COMETH-SOMOCLIM;;67;2021-03-02 08:56:04;2021-03-02 08:56:04
1519;QN5;Enersol;;67;2021-03-02 08:56:04;2021-03-02 08:56:04
1520;790;COMETH-SOMOCLIM;;67;2021-03-02 08:56:04;2021-03-02 08:56:04
1521;QN5;Enersol;;67;2021-03-02 08:56:04;2021-03-02 08:56:04
1522;790;COMETH-SOMOCLIM;;67;2021-03-02 08:56:04;2021-03-02 08:56:04
1523;790;COMETH-SOMOCLIM;;67;2021-03-02 08:56:04;2021-03-02 08:56:04
1524;790;COMETH-SOMOCLIM;;67;2021-03-02 08:56:04;2021-03-02 08:56:04
1525;790;COMETH-SOMOCLIM;;67;2021-03-02 08:56:04;2021-03-02 08:56:04
1526;790;COMETH-SOMOCLIM;;67;2021-03-02 08:56:04;2021-03-02 08:56:04
1527;790;COMETH-SOMOCLIM;;67;2021-03-02 08:56:04;2021-03-02 08:56:04
1528;QV3;MACON ENERGIES SERVICES;;67;2021-03-02 08:56:04;2021-03-02 08:56:04
1529;790;COMETH-SOMOCLIM;;67;2021-03-02 08:56:04;2021-03-02 08:56:04
1530;790;COMETH-SOMOCLIM;;67;2021-03-02 08:56:04;2021-03-02 08:56:04
1531;790;COMETH-SOMOCLIM;;67;2021-03-02 08:56:04;2021-03-02 08:56:04
1532;790;COMETH-SOMOCLIM;;67;2021-03-02 08:56:04;2021-03-02 08:56:04
1533;790;COMETH-SOMOCLIM;;67;2021-03-02 08:56:04;2021-03-02 08:56:04
1534;790;COMETH-SOMOCLIM;;67;2021-03-02 08:56:04;2021-03-02 08:56:04
1535;790;COMETH-SOMOCLIM;;67;2021-03-02 08:56:04;2021-03-02 08:56:04
1536;BIA;FIL BIOFELY;;67;2021-03-02 08:56:04;2021-03-02 08:56:04
1537;790;COMETH-SOMOCLIM;;67;2021-03-02 08:56:04;2021-03-02 08:56:04
1538;790;COMETH-SOMOCLIM;;67;2021-03-02 08:56:04;2021-03-02 08:56:04
1539;790;COMETH-SOMOCLIM;;67;2021-03-02 08:56:04;2021-03-02 08:56:04
1540;790;COMETH-SOMOCLIM;;67;2021-03-02 08:56:04;2021-03-02 08:56:04
1541;790;COMETH-SOMOCLIM;;67;2021-03-02 08:56:04;2021-03-02 08:56:04
1542;790;COMETH-SOMOCLIM;;67;2021-03-02 08:56:04;2021-03-02 08:56:04
1543;790;COMETH-SOMOCLIM;;67;2021-03-02 08:56:04;2021-03-02 08:56:04
1544;QV3;MACON ENERGIES SERVICES;;67;2021-03-02 08:56:04;2021-03-02 08:56:04
1545;790;COMETH-SOMOCLIM;;67;2021-03-02 08:56:04;2021-03-02 08:56:04
1546;790;COMETH-SOMOCLIM;;67;2021-03-02 08:56:04;2021-03-02 08:56:04
1547;790;COMETH-SOMOCLIM;;67;2021-03-02 08:56:04;2021-03-02 08:56:04
1548;790;COMETH-SOMOCLIM;;67;2021-03-02 08:56:04;2021-03-02 08:56:04
1549;790;COMETH-SOMOCLIM;;67;2021-03-02 08:56:04;2021-03-02 08:56:04
1550;790;COMETH-SOMOCLIM;;67;2021-03-02 08:56:04;2021-03-02 08:56:04
1551;790;COMETH-SOMOCLIM;;67;2021-03-02 08:56:04;2021-03-02 08:56:04
1552;790;COMETH-SOMOCLIM;;67;2021-03-02 08:56:04;2021-03-02 08:56:04
1553;790;COMETH-SOMOCLIM;;67;2021-03-02 08:56:04;2021-03-02 08:56:04
1554;790;COMETH-SOMOCLIM;;67;2021-03-02 08:56:04;2021-03-02 08:56:04
1555;SE1;Soissons Energies&Environnement;;67;2021-03-02 08:56:04;2021-03-02 08:56:04
1556;790;COMETH-SOMOCLIM;;67;2021-03-02 08:56:04;2021-03-02 08:56:04
1557;790;COMETH-SOMOCLIM;;67;2021-03-02 08:56:04;2021-03-02 08:56:04
1558;790;COMETH-SOMOCLIM;;67;2021-03-02 08:56:04;2021-03-02 08:56:04
1559;790;COMETH-SOMOCLIM;;67;2021-03-02 08:56:04;2021-03-02 08:56:04
1560;790;COMETH-SOMOCLIM;;67;2021-03-02 08:56:04;2021-03-02 08:56:04
1561;790;COMETH-SOMOCLIM;;67;2021-03-02 08:56:04;2021-03-02 08:56:04
1562;790;COMETH-SOMOCLIM;;67;2021-03-02 08:56:04;2021-03-02 08:56:04
1563;790;COMETH-SOMOCLIM;;67;2021-03-02 08:56:04;2021-03-02 08:56:04
1564;790;COMETH-SOMOCLIM;;67;2021-03-02 08:56:04;2021-03-02 08:56:04
1565;790;COMETH-SOMOCLIM;;67;2021-03-02 08:56:04;2021-03-02 08:56:04
1566;790;COMETH-SOMOCLIM;;67;2021-03-02 08:56:04;2021-03-02 08:56:04
1567;790;COMETH-SOMOCLIM;;67;2021-03-02 08:56:04;2021-03-02 08:56:04
1568;790;COMETH-SOMOCLIM;;67;2021-03-02 08:56:04;2021-03-02 08:56:04
1569;790;COMETH-SOMOCLIM;;67;2021-03-02 08:56:04;2021-03-02 08:56:04
1570;790;COMETH-SOMOCLIM;;67;2021-03-02 08:56:04;2021-03-02 08:56:04
1571;790;COMETH-SOMOCLIM;;67;2021-03-02 08:56:04;2021-03-02 08:56:04
1572;790;COMETH-SOMOCLIM;;67;2021-03-02 08:56:04;2021-03-02 08:56:04
1573;310;BOURGES BIO ENERGIE SERVICES;;67;2021-03-02 08:56:07;2021-03-02 08:56:07
1574;310;BOURGES BIO ENERGIE SERVICES;;67;2021-03-02 08:56:07;2021-03-02 08:56:07
1575;SDA;FIL SDCB SAS;;67;2021-03-02 08:56:07;2021-03-02 08:56:07
1576;LNA;FIL PLAINE COMMUNE ENERGIE;;67;2021-03-02 08:56:07;2021-03-02 08:56:07
1577;LNA;FIL PLAINE COMMUNE ENERGIE;;67;2021-03-02 08:56:07;2021-03-02 08:56:07
1578;330;S O D C;;67;2021-03-02 08:56:07;2021-03-02 08:56:07
1579;ASA;FIL ARGEO;;67;2021-03-02 08:56:07;2021-03-02 08:56:07
1580;274;FILIALE SEMMERET;;67;2021-03-02 08:56:07;2021-03-02 08:56:07
1581;330;S O D C;;67;2021-03-02 08:56:07;2021-03-02 08:56:07
1582;BGA;FIL YGEO;;67;2021-03-02 08:56:07;2021-03-02 08:56:07
1583;330;S O D C;;67;2021-03-02 08:56:07;2021-03-02 08:56:07
1584;34A;Filiale ERENA;;67;2021-03-02 08:56:07;2021-03-02 08:56:07
1585;A3A;GEODALYS;;67;2021-03-02 08:56:07;2021-03-02 08:56:07
1586;LNA;FIL PLAINE COMMUNE ENERGIE;;67;2021-03-02 08:56:07;2021-03-02 08:56:07
1587;274;FILIALE SEMMERET;;67;2021-03-02 08:56:07;2021-03-02 08:56:07
1589;LNA;FIL PLAINE COMMUNE ENERGIE;;67;2021-03-02 08:56:07;2021-03-02 08:56:07
1590;34A;Filiale ERENA;;67;2021-03-02 08:56:07;2021-03-02 08:56:07
1591;A3A;GEODALYS;;67;2021-03-02 08:56:07;2021-03-02 08:56:07
1592;LNA;FIL PLAINE COMMUNE ENERGIE;;67;2021-03-02 08:56:07;2021-03-02 08:56:07
1593;A3A;GEODALYS;;67;2021-03-02 08:56:07;2021-03-02 08:56:07
1588;330;S O D C;;67;2021-03-02 08:56:07;2021-03-02 08:56:07
1594;274;FILIALE SEMMERET;;67;2021-03-02 08:56:07;2021-03-02 08:56:07
1595;SDA;FIL SDCB SAS;;67;2021-03-02 08:56:07;2021-03-02 08:56:07
1596;315;BIO COGELYO NORMANDIE;;67;2021-03-02 08:56:07;2021-03-02 08:56:07
1597;SDA;FIL SDCB SAS;;67;2021-03-02 08:56:07;2021-03-02 08:56:07
1598;330;S O D C;;67;2021-03-02 08:56:07;2021-03-02 08:56:07
1599;SDA;FIL SDCB SAS;;67;2021-03-02 08:56:07;2021-03-02 08:56:07
1600;SDA;FIL SDCB SAS;;67;2021-03-02 08:56:07;2021-03-02 08:56:07
1601;SDA;FIL SDCB SAS;;67;2021-03-02 08:56:07;2021-03-02 08:56:07
1602;SDA;FIL SDCB SAS;;67;2021-03-02 08:56:07;2021-03-02 08:56:07
1603;SDA;FIL SDCB SAS;;67;2021-03-02 08:56:07;2021-03-02 08:56:07
1604;EAM;SDC LIMEIL BREVANNES;;67;2021-03-02 08:56:07;2021-03-02 08:56:07
1605;34A;Filiale ERENA;;67;2021-03-02 08:56:07;2021-03-02 08:56:07
1606;330;S O D C;;67;2021-03-02 08:56:07;2021-03-02 08:56:07
1607;SDA;FIL SDCB SAS;;67;2021-03-02 08:56:07;2021-03-02 08:56:07
1608;SDA;FIL SDCB SAS;;67;2021-03-02 08:56:07;2021-03-02 08:56:07
1609;SDA;FIL SDCB SAS;;67;2021-03-02 08:56:07;2021-03-02 08:56:07
1610;310;BOURGES BIO ENERGIE SERVICES;;67;2021-03-02 08:56:07;2021-03-02 08:56:07
1611;LNA;FIL PLAINE COMMUNE ENERGIE;;67;2021-03-02 08:56:07;2021-03-02 08:56:07
1612;LNA;FIL PLAINE COMMUNE ENERGIE;;67;2021-03-02 08:56:07;2021-03-02 08:56:07
1613;LNA;FIL PLAINE COMMUNE ENERGIE;;67;2021-03-02 08:56:07;2021-03-02 08:56:07
1614;34A;Filiale ERENA;;67;2021-03-02 08:56:07;2021-03-02 08:56:07
1615;274;FILIALE SEMMERET;;67;2021-03-02 08:56:07;2021-03-02 08:56:07
1616;A3A;GEODALYS;;67;2021-03-02 08:56:07;2021-03-02 08:56:07
1617;310;BOURGES BIO ENERGIE SERVICES;;67;2021-03-02 08:56:07;2021-03-02 08:56:07
1618;LNA;FIL PLAINE COMMUNE ENERGIE;;67;2021-03-02 08:56:07;2021-03-02 08:56:07
1619;315;BIO COGELYO NORMANDIE;;67;2021-03-02 08:56:07;2021-03-02 08:56:07
1620;274;FILIALE SEMMERET;;67;2021-03-02 08:56:07;2021-03-02 08:56:07
1621;330;S O D C;;67;2021-03-02 08:56:07;2021-03-02 08:56:07
1622;SDA;FIL SDCB SAS;;67;2021-03-02 08:56:07;2021-03-02 08:56:07
1623;34A;Filiale ERENA;;67;2021-03-02 08:56:07;2021-03-02 08:56:07
1624;SDA;FIL SDCB SAS;;67;2021-03-02 08:56:07;2021-03-02 08:56:07
1625;SDA;FIL SDCB SAS;;67;2021-03-02 08:56:07;2021-03-02 08:56:07
1626;LNA;FIL PLAINE COMMUNE ENERGIE;;67;2021-03-02 08:56:07;2021-03-02 08:56:07
1627;330;S O D C;;67;2021-03-02 08:56:07;2021-03-02 08:56:07
1628;330;S O D C;;67;2021-03-02 08:56:07;2021-03-02 08:56:07
1629;330;S O D C;;67;2021-03-02 08:56:07;2021-03-02 08:56:07
1630;BGA;FIL YGEO;;67;2021-03-02 08:56:07;2021-03-02 08:56:07
1631;34A;Filiale ERENA;;67;2021-03-02 08:56:07;2021-03-02 08:56:07
1632;34A;Filiale ERENA;;67;2021-03-02 08:56:07;2021-03-02 08:56:07
1633;A3A;GEODALYS;;67;2021-03-02 08:56:07;2021-03-02 08:56:07
1634;34A;Filiale ERENA;;67;2021-03-02 08:56:07;2021-03-02 08:56:07
1635;34A;Filiale ERENA;;67;2021-03-02 08:56:07;2021-03-02 08:56:07
1636;34A;Filiale ERENA;;67;2021-03-02 08:56:07;2021-03-02 08:56:07
1637;A3A;GEODALYS;;67;2021-03-02 08:56:07;2021-03-02 08:56:07
1643;315;BIO COGELYO NORMANDIE;;67;2021-03-02 08:56:07;2021-03-02 08:56:07
1644;A3A;GEODALYS;;67;2021-03-02 08:56:07;2021-03-02 08:56:07
1638;A3A;GEODALYS;;67;2021-03-02 08:56:07;2021-03-02 08:56:07
1639;ASA;FIL ARGEO;;67;2021-03-02 08:56:07;2021-03-02 08:56:07
1640;330;S O D C;;67;2021-03-02 08:56:07;2021-03-02 08:56:07
1641;A3A;GEODALYS;;67;2021-03-02 08:56:07;2021-03-02 08:56:07
1642;34A;Filiale ERENA;;67;2021-03-02 08:56:07;2021-03-02 08:56:07
1645;274;FILIALE SEMMERET;;67;2021-03-02 08:56:07;2021-03-02 08:56:07
1646;315;BIO COGELYO NORMANDIE;;67;2021-03-02 08:56:07;2021-03-02 08:56:07
1647;315;BIO COGELYO NORMANDIE;;67;2021-03-02 08:56:07;2021-03-02 08:56:07
1648;370;Filiale Maromme Bio Energie Services;;67;2021-03-02 08:56:07;2021-03-02 08:56:07
1649;295;S.D.C. de Mont Gaillard;;67;2021-03-02 08:56:07;2021-03-02 08:56:07
1650;31A;DUNoise Energie Services;;67;2021-03-02 08:56:07;2021-03-02 08:56:07
1651;31A;DUNoise Energie Services;;67;2021-03-02 08:56:07;2021-03-02 08:56:07
1652;32C;RESEAU DE CHALEUR BIOMASSE DE L'AIGLE;;67;2021-03-02 08:56:07;2021-03-02 08:56:07
1653;295;S.D.C. de Mont Gaillard;;67;2021-03-02 08:56:07;2021-03-02 08:56:07
1654;295;S.D.C. de Mont Gaillard;;67;2021-03-02 08:56:07;2021-03-02 08:56:07
1655;ZC2;CRISTALIA;;67;2021-03-02 08:56:07;2021-03-02 08:56:07
1656;ZC2;CRISTALIA;;67;2021-03-02 08:56:07;2021-03-02 08:56:07
1657;SFA;SEFIR;;67;2021-03-02 08:56:07;2021-03-02 08:56:07
1658;SFA;SEFIR;;67;2021-03-02 08:56:07;2021-03-02 08:56:07
1659;295;S.D.C. de Mont Gaillard;;67;2021-03-02 08:56:07;2021-03-02 08:56:07
1660;ZC2;CRISTALIA;;67;2021-03-02 08:56:07;2021-03-02 08:56:07
1661;ZC2;CRISTALIA;;67;2021-03-02 08:56:07;2021-03-02 08:56:07
1662;ZC2;CRISTALIA;;67;2021-03-02 08:56:07;2021-03-02 08:56:07
1663;31A;DUNoise Energie Services;;67;2021-03-02 08:56:07;2021-03-02 08:56:07
1664;SFA;SEFIR;;67;2021-03-02 08:56:07;2021-03-02 08:56:07
1665;SFA;SEFIR;;67;2021-03-02 08:56:07;2021-03-02 08:56:07
1666;SFA;SEFIR;;67;2021-03-02 08:56:07;2021-03-02 08:56:07
1667;LT1;Chalon'Energie (FIL);;67;2021-03-02 08:56:07;2021-03-02 08:56:07
1668;VSA;VERSEO;;67;2021-03-02 08:56:07;2021-03-02 08:56:07
1669;LT1;Chalon'Energie (FIL);;67;2021-03-02 08:56:07;2021-03-02 08:56:07
1670;SFA;SEFIR;;67;2021-03-02 08:56:07;2021-03-02 08:56:07
1671;SFA;SEFIR;;67;2021-03-02 08:56:07;2021-03-02 08:56:07
1672;SFA;SEFIR;;67;2021-03-02 08:56:07;2021-03-02 08:56:07
1673;SFA;SEFIR;;67;2021-03-02 08:56:07;2021-03-02 08:56:07
1674;SFA;SEFIR;;67;2021-03-02 08:56:07;2021-03-02 08:56:07
1675;SFA;SEFIR;;67;2021-03-02 08:56:07;2021-03-02 08:56:07
1677;LT1;Chalon'Energie (FIL);;67;2021-03-02 08:56:07;2021-03-02 08:56:07
1678;LW1;SC2M (FIL);;67;2021-03-02 08:56:07;2021-03-02 08:56:07
1676;LT1;Chalon'Energie (FIL);;67;2021-03-02 08:56:07;2021-03-02 08:56:07
1679;LX1;SEVEO (FIL);;67;2021-03-02 08:56:07;2021-03-02 08:56:07
1680;LX1;SEVEO (FIL);;67;2021-03-02 08:56:07;2021-03-02 08:56:07
1681;LT1;Chalon'Energie (FIL);;67;2021-03-02 08:56:07;2021-03-02 08:56:07
1682;SFA;SEFIR;;67;2021-03-02 08:56:07;2021-03-02 08:56:07
1683;SFA;SEFIR;;67;2021-03-02 08:56:07;2021-03-02 08:56:07
1684;LT1;Chalon'Energie (FIL);;67;2021-03-02 08:56:07;2021-03-02 08:56:07
1685;LT1;Chalon'Energie (FIL);;67;2021-03-02 08:56:07;2021-03-02 08:56:07
1686;LT1;Chalon'Energie (FIL);;67;2021-03-02 08:56:07;2021-03-02 08:56:07
1687;LT1;Chalon'Energie (FIL);;67;2021-03-02 08:56:07;2021-03-02 08:56:07
1688;LT1;Chalon'Energie (FIL);;67;2021-03-02 08:56:07;2021-03-02 08:56:07
1689;LT1;Chalon'Energie (FIL);;67;2021-03-02 08:56:07;2021-03-02 08:56:07
1690;VSA;VERSEO;;67;2021-03-02 08:56:07;2021-03-02 08:56:07
1691;LT1;Chalon'Energie (FIL);;67;2021-03-02 08:56:07;2021-03-02 08:56:07
1692;LT1;Chalon'Energie (FIL);;67;2021-03-02 08:56:07;2021-03-02 08:56:07
1693;LT1;Chalon'Energie (FIL);;67;2021-03-02 08:56:07;2021-03-02 08:56:07
1694;LT1;Chalon'Energie (FIL);;67;2021-03-02 08:56:07;2021-03-02 08:56:07
1695;LT1;Chalon'Energie (FIL);;67;2021-03-02 08:56:07;2021-03-02 08:56:07
1696;LW1;SC2M (FIL);;67;2021-03-02 08:56:07;2021-03-02 08:56:07
1697;LU1;SOCCRAM (FIL);;67;2021-03-02 08:56:07;2021-03-02 08:56:07
1698;LU1;SOCCRAM (FIL);;67;2021-03-02 08:56:07;2021-03-02 08:56:07
1699;LU1;SOCCRAM (FIL);;67;2021-03-02 08:56:07;2021-03-02 08:56:07
1700;LU1;SOCCRAM (FIL);;67;2021-03-02 08:56:08;2021-03-02 08:56:08
1701;VJA;FIL GEOPICTA;;67;2021-03-02 08:56:08;2021-03-02 08:56:08
1717;55A;THASSALIA;;67;2021-03-02 09:06:49;2021-03-02 09:06:49
1718;55A;THASSALIA;;67;2021-03-02 09:06:49;2021-03-02 09:06:49
1719;NWA;NOVAWOOD;;67;2021-03-02 09:06:52;2021-03-02 09:06:52
1720;NWA;NOVAWOOD;;67;2021-03-02 09:06:52;2021-03-02 09:06:52
1721;NWA;NOVAWOOD;;67;2021-03-02 09:06:52;2021-03-02 09:06:52
1722;GOA;Filiale Géomarne;;67;2021-03-02 09:06:54;2021-03-02 09:06:54
1723;VGJ;Filiale VELIGEO;;67;2021-03-02 09:06:55;2021-03-02 09:06:55
1724;43A;AIX EN PROVENCE ENERGIE ENVIRONNEMENT;;67;2021-03-02 09:06:56;2021-03-02 09:06:56
1725;43A;AIX EN PROVENCE ENERGIE ENVIRONNEMENT;;67;2021-03-02 09:06:56;2021-03-02 09:06:56
1726;946;Salines Energies Services;;67;2021-03-02 09:06:57;2021-03-02 09:06:57
1727;946;Salines Energies Services;;67;2021-03-02 09:06:57;2021-03-02 09:06:57
1728;946;Salines Energies Services;;67;2021-03-02 09:06:57;2021-03-02 09:06:57
1729;Z0P;VIA CONFORT;;67;2021-03-02 09:06:57;2021-03-02 09:06:57
1730;MK1;ENERGIVRY (FIL);;67;2021-03-02 09:07:02;2021-03-02 09:07:02
1731;MK1;ENERGIVRY (FIL);;67;2021-03-02 09:07:02;2021-03-02 09:07:02
1732;MK1;ENERGIVRY (FIL);;67;2021-03-02 09:07:02;2021-03-02 09:07:02
1733;MK1;ENERGIVRY (FIL);;67;2021-03-02 09:07:02;2021-03-02 09:07:02
1750;QK3;SP St QUENTIN;;67;2021-03-02 09:16:50;2021-03-02 09:16:50
1751;K74;CVD;;67;2021-03-02 09:16:51;2021-03-02 09:16:51
1752;365;Sens Bio Energie Services;;67;2021-03-02 09:16:51;2021-03-02 09:16:51
1753;300;Sté Blésoise de Distribution de Chaleur;;67;2021-03-02 09:16:51;2021-03-02 09:16:51
1754;SP1;FIL CORPO ENERGIES;;67;2021-03-02 09:17:11;2021-03-02 09:17:11
1755;944;Direction Déléguée ELUTIS;;67;2021-03-02 09:17:14;2021-03-02 09:17:14
1756;961;CUS;;67;2021-03-02 09:17:14;2021-03-02 09:17:14
1757;961;CUS;;67;2021-03-02 09:17:14;2021-03-02 09:17:14
1783;QK3;SP St QUENTIN;;100;2021-03-02 09:28:48;2021-03-02 09:28:48
1784;QN5;Enersol;;100;2021-03-02 09:28:48;2021-03-02 09:28:48
1785;QV3;MACON ENERGIES SERVICES;;100;2021-03-02 09:28:48;2021-03-02 09:28:48
1786;BIA;FIL BIOFELY;;100;2021-03-02 09:28:48;2021-03-02 09:28:48
1787;SE1;Soissons Energies&Environnement;;100;2021-03-02 09:28:48;2021-03-02 09:28:48
1788;790;COMETH-SOMOCLIM;;100;2021-03-02 09:28:48;2021-03-02 09:28:48
1789;330;S O D C;;100;2021-03-02 09:28:50;2021-03-02 09:28:50
1790;K74;CVD;;100;2021-03-02 09:28:50;2021-03-02 09:28:50
1791;EAM;SDC LIMEIL BREVANNES;;100;2021-03-02 09:28:50;2021-03-02 09:28:50
1792;SDA;FIL SDCB SAS;;100;2021-03-02 09:28:50;2021-03-02 09:28:50
1793;ASA;FIL ARGEO;;100;2021-03-02 09:28:50;2021-03-02 09:28:50
1794;LNA;FIL PLAINE COMMUNE ENERGIE;;100;2021-03-02 09:28:50;2021-03-02 09:28:50
1795;A3A;GEODALYS;;100;2021-03-02 09:28:51;2021-03-02 09:28:51
1796;274;FILIALE SEMMERET;;100;2021-03-02 09:28:51;2021-03-02 09:28:51
1797;BGA;FIL YGEO;;100;2021-03-02 09:28:51;2021-03-02 09:28:51
1798;34A;Filiale ERENA;;100;2021-03-02 09:28:51;2021-03-02 09:28:51
1799;34A;Filiale ERENA;;100;2021-03-02 09:28:51;2021-03-02 09:28:51
1800;310;BOURGES BIO ENERGIE SERVICES;;100;2021-03-02 09:28:51;2021-03-02 09:28:51
1801;310;BOURGES BIO ENERGIE SERVICES;;100;2021-03-02 09:28:51;2021-03-02 09:28:51
1802;315;BIO COGELYO NORMANDIE;;100;2021-03-02 09:28:51;2021-03-02 09:28:51
1803;310;BOURGES BIO ENERGIE SERVICES;;100;2021-03-02 09:28:51;2021-03-02 09:28:51
1804;310;BOURGES BIO ENERGIE SERVICES;;100;2021-03-02 09:28:51;2021-03-02 09:28:51
1805;315;BIO COGELYO NORMANDIE;;100;2021-03-02 09:28:51;2021-03-02 09:28:51
1806;31A;DUNoise Energie Services;;100;2021-03-02 09:28:51;2021-03-02 09:28:51
1807;31A;DUNoise Energie Services;;100;2021-03-02 09:28:51;2021-03-02 09:28:51
1808;370;Filiale Maromme Bio Energie Services;;100;2021-03-02 09:28:51;2021-03-02 09:28:51
1809;295;S.D.C. de Mont Gaillard;;100;2021-03-02 09:28:51;2021-03-02 09:28:51
1810;SFA;SEFIR;;100;2021-03-02 09:28:51;2021-03-02 09:28:51
1811;SFA;SEFIR;;100;2021-03-02 09:28:51;2021-03-02 09:28:51
1812;295;S.D.C. de Mont Gaillard;;100;2021-03-02 09:28:51;2021-03-02 09:28:51
1813;295;S.D.C. de Mont Gaillard;;100;2021-03-02 09:28:51;2021-03-02 09:28:51
1814;ZC2;CRISTALIA;;100;2021-03-02 09:28:51;2021-03-02 09:28:51
1815;365;Sens Bio Energie Services;;100;2021-03-02 09:28:51;2021-03-02 09:28:51
1816;VSA;VERSEO;;100;2021-03-02 09:28:51;2021-03-02 09:28:51
1817;VSA;VERSEO;;100;2021-03-02 09:28:51;2021-03-02 09:28:51
1823;LU1;SOCCRAM (FIL);;100;2021-03-02 09:28:51;2021-03-02 09:28:51
1824;LX1;SEVEO (FIL);;100;2021-03-02 09:28:51;2021-03-02 09:28:51
1830;MK1;ENERGIVRY (FIL);;100;2021-03-02 09:28:51;2021-03-02 09:28:51
1835;WV1;FIL ENERSUD;;100;2021-03-02 09:29:10;2021-03-02 09:29:10
1836;NOA;ENORIS;;100;2021-03-02 09:29:10;2021-03-02 09:29:10
1838;NOA;ENORIS;;100;2021-03-02 09:29:10;2021-03-02 09:29:10
1840;NOA;ENORIS;;100;2021-03-02 09:29:10;2021-03-02 09:29:10
1841;NOA;ENORIS;;100;2021-03-02 09:29:10;2021-03-02 09:29:10
1844;55A;THASSALIA;;100;2021-03-02 09:29:11;2021-03-02 09:29:11
1847;55A;THASSALIA;;100;2021-03-02 09:29:11;2021-03-02 09:29:11
1848;55A;THASSALIA;;100;2021-03-02 09:29:11;2021-03-02 09:29:11
1849;55A;THASSALIA;;100;2021-03-02 09:29:11;2021-03-02 09:29:11
1853;EBG;SOGESUB;;100;2021-03-02 09:29:11;2021-03-02 09:29:11
1855;HPA;Direction ESEIS;;100;2021-03-02 09:29:11;2021-03-02 09:29:11
1860;SV0;SOVEN;;100;2021-03-02 09:29:12;2021-03-02 09:29:12
1863;JO7;VSPU;;100;2021-03-02 09:29:12;2021-03-02 09:29:12
1868;L74;VELIDIS;;100;2021-03-02 09:29:12;2021-03-02 09:29:12
1874;GFA;GNVERT;;100;2021-03-02 09:29:12;2021-03-02 09:29:12
1876;EAG;GEOTHILYS;;100;2021-03-02 09:29:12;2021-03-02 09:29:12
1878;AYA;AURILLAC CHALEUR BOIS;;100;2021-03-02 09:29:12;2021-03-02 09:29:12
1880;VA1;Filiale VALAXION;;100;2021-03-02 09:29:12;2021-03-02 09:29:12
1881;VA1;Filiale VALAXION;;100;2021-03-02 09:29:12;2021-03-02 09:29:12
1891;RN1;Filiale En'RnoV;;100;2021-03-02 09:29:12;2021-03-02 09:29:12
1893;US0;Tête de BU B2B;;100;2021-03-02 09:29:12;2021-03-02 09:29:12
1896;US0;Tête de BU B2B;;100;2021-03-02 09:29:12;2021-03-02 09:29:12
1900;GEA;FIL GENNEVILLIERS ENERGIE;;100;2021-03-02 09:29:12;2021-03-02 09:29:12
1901;GEA;FIL GENNEVILLIERS ENERGIE;;100;2021-03-02 09:29:12;2021-03-02 09:29:12
1906;82A;Filiale SCDC;;100;2021-03-02 09:29:13;2021-03-02 09:29:13
1911;TMB;TOURS METROPOLE ENERGIES DURABLES;;100;2021-03-02 09:29:13;2021-03-02 09:29:13
1818;VSA;VERSEO;;100;2021-03-02 09:28:51;2021-03-02 09:28:51
1828;MK1;ENERGIVRY (FIL);;100;2021-03-02 09:28:51;2021-03-02 09:28:51
1839;NOA;ENORIS;;100;2021-03-02 09:29:10;2021-03-02 09:29:10
1866;JO7;VSPU;;100;2021-03-02 09:29:12;2021-03-02 09:29:12
1883;VA1;Filiale VALAXION;;100;2021-03-02 09:29:12;2021-03-02 09:29:12
1899;GEA;FIL GENNEVILLIERS ENERGIE;;100;2021-03-02 09:29:12;2021-03-02 09:29:12
1913;944;Direction Déléguée ELUTIS;;100;2021-03-02 09:29:13;2021-03-02 09:29:13
1819;VSA;VERSEO;;100;2021-03-02 09:28:51;2021-03-02 09:28:51
1820;VSA;VERSEO;;100;2021-03-02 09:28:51;2021-03-02 09:28:51
1821;LT1;Chalon'Energie (FIL);;100;2021-03-02 09:28:51;2021-03-02 09:28:51
1832;VJA;FIL GEOPICTA;;100;2021-03-02 09:28:51;2021-03-02 09:28:51
1837;WV1;FIL ENERSUD;;100;2021-03-02 09:29:10;2021-03-02 09:29:10
1842;SP1;FIL CORPO ENERGIES;;100;2021-03-02 09:29:10;2021-03-02 09:29:10
1850;PGA;PLAINE DE GARONNE ENERGIES;;100;2021-03-02 09:29:11;2021-03-02 09:29:11
1857;HPA;Direction ESEIS;;100;2021-03-02 09:29:11;2021-03-02 09:29:11
1871;GFA;GNVERT;;100;2021-03-02 09:29:12;2021-03-02 09:29:12
1885;AF1;DARGENT THERMIQUE;;100;2021-03-02 09:29:12;2021-03-02 09:29:12
1909;960;Perigord Energies;;100;2021-03-02 09:29:13;2021-03-02 09:29:13
1822;LT1;Chalon'Energie (FIL);;100;2021-03-02 09:28:51;2021-03-02 09:28:51
1825;300;Sté Blésoise de Distribution de Chaleur;;100;2021-03-02 09:28:51;2021-03-02 09:28:51
1829;VJA;FIL GEOPICTA;;100;2021-03-02 09:28:51;2021-03-02 09:28:51
1845;HAA;FIL GEOTELL;;100;2021-03-02 09:29:11;2021-03-02 09:29:11
1859;RO1;FIL ROSEO;;100;2021-03-02 09:29:11;2021-03-02 09:29:11
1890;RN1;Filiale En'RnoV;;100;2021-03-02 09:29:12;2021-03-02 09:29:12
1903;62A;Filiale SECIP;;100;2021-03-02 09:29:12;2021-03-02 09:29:12
1912;961;CUS;;100;2021-03-02 09:29:13;2021-03-02 09:29:13
1826;LU1;SOCCRAM (FIL);;100;2021-03-02 09:28:51;2021-03-02 09:28:51
1833;NOA;ENORIS;;100;2021-03-02 09:29:10;2021-03-02 09:29:10
1854;HPA;Direction ESEIS;;100;2021-03-02 09:29:11;2021-03-02 09:29:11
1895;RS1;ENGIE BU Réseaux;;100;2021-03-02 09:29:12;2021-03-02 09:29:12
1827;LX1;SEVEO (FIL);;100;2021-03-02 09:28:51;2021-03-02 09:28:51
1831;VJA;FIL GEOPICTA;;100;2021-03-02 09:28:51;2021-03-02 09:28:51
1834;WV1;FIL ENERSUD;;100;2021-03-02 09:29:10;2021-03-02 09:29:10
1843;SP1;FIL CORPO ENERGIES;;100;2021-03-02 09:29:10;2021-03-02 09:29:10
1865;JO7;VSPU;;100;2021-03-02 09:29:12;2021-03-02 09:29:12
1869;GFA;GNVERT;;100;2021-03-02 09:29:12;2021-03-02 09:29:12
1875;GFA;GNVERT;;100;2021-03-02 09:29:12;2021-03-02 09:29:12
1882;VA1;Filiale VALAXION;;100;2021-03-02 09:29:12;2021-03-02 09:29:12
1884;VA1;Filiale VALAXION;;100;2021-03-02 09:29:12;2021-03-02 09:29:12
1888;BAA;PAU BEARN PYREEES ENERGIES S;;100;2021-03-02 09:29:12;2021-03-02 09:29:12
1894;RS1;ENGIE BU Réseaux;;100;2021-03-02 09:29:12;2021-03-02 09:29:12
1897;RS1;ENGIE BU Réseaux;;100;2021-03-02 09:29:12;2021-03-02 09:29:12
1898;GEA;FIL GENNEVILLIERS ENERGIE;;100;2021-03-02 09:29:12;2021-03-02 09:29:12
1905;82A;Filiale SCDC;;100;2021-03-02 09:29:13;2021-03-02 09:29:13
1846;55A;THASSALIA;;100;2021-03-02 09:29:11;2021-03-02 09:29:11
1851;PGA;PLAINE DE GARONNE ENERGIES;;100;2021-03-02 09:29:11;2021-03-02 09:29:11
1862;JO7;VSPU;;100;2021-03-02 09:29:12;2021-03-02 09:29:12
1852;EBG;SOGESUB;;100;2021-03-02 09:29:11;2021-03-02 09:29:11
1856;EBG;SOGESUB;;100;2021-03-02 09:29:11;2021-03-02 09:29:11
1858;HPA;Direction ESEIS;;100;2021-03-02 09:29:11;2021-03-02 09:29:11
1861;E1A;Direction générale ECH2F;;100;2021-03-02 09:29:12;2021-03-02 09:29:12
1864;JO7;VSPU;;100;2021-03-02 09:29:12;2021-03-02 09:29:12
1867;L74;VELIDIS;;100;2021-03-02 09:29:12;2021-03-02 09:29:12
1870;GFA;GNVERT;;100;2021-03-02 09:29:12;2021-03-02 09:29:12
1872;GFA;GNVERT;;100;2021-03-02 09:29:12;2021-03-02 09:29:12
1873;GFA;GNVERT;;100;2021-03-02 09:29:12;2021-03-02 09:29:12
1879;UW0;BU HYDROGENE;;100;2021-03-02 09:29:12;2021-03-02 09:29:12
1886;AF1;DARGENT THERMIQUE;;100;2021-03-02 09:29:12;2021-03-02 09:29:12
1887;AF1;DARGENT THERMIQUE;;100;2021-03-02 09:29:12;2021-03-02 09:29:12
1889;VGJ;Filiale VELIGEO;;100;2021-03-02 09:29:12;2021-03-02 09:29:12
1902;SSA;FIL STADE ENERGIE SAS;;100;2021-03-02 09:29:12;2021-03-02 09:29:12
1904;MTA;FIL MONCIA;;100;2021-03-02 09:29:12;2021-03-02 09:29:12
1907;82A;Filiale SCDC;;100;2021-03-02 09:29:13;2021-03-02 09:29:13
1910;949;Sethelec;;100;2021-03-02 09:29:13;2021-03-02 09:29:13
1914;Z1E;BIOLAC;;100;2021-03-02 09:29:13;2021-03-02 09:29:13
1877;GFA;GNVERT;;100;2021-03-02 09:29:12;2021-03-02 09:29:12
1892;RYA;REYSSOUZE ENERGIE SERVICES;;100;2021-03-02 09:29:12;2021-03-02 09:29:12
1908;949;Sethelec;;100;2021-03-02 09:29:13;2021-03-02 09:29:13
1915;UA0;ENGIE ENERGIE SERVICES;;67;2021-03-02 09:51:48;2021-03-02 09:51:48
1916;42L;ENERGIE CLERMONT AVENIR;;67;2021-03-02 09:51:49;2021-03-02 09:51:49
1917;429;S.D.C.  Moulins;;67;2021-03-02 09:51:49;2021-03-02 09:51:49
1918;Z0T;ARBOIS BIO ENERGIES;;67;2021-03-02 09:51:49;2021-03-02 09:51:49
1919;429;S.D.C.  Moulins;;67;2021-03-02 09:51:49;2021-03-02 09:51:49
1920;ANC;FIL AMIENS ENERGIES;;67;2021-03-02 09:51:51;2021-03-02 09:51:51
1921;354;COGELYO-OUEST;;67;2021-03-02 09:51:52;2021-03-02 09:51:52
1922;LD1;FICOBEL (FIL);;67;2021-03-02 09:51:54;2021-03-02 09:51:54
1923;LD1;FICOBEL (FIL);;67;2021-03-02 09:51:54;2021-03-02 09:51:54
1924;ZD2;OROBIA;;67;2021-03-02 09:51:54;2021-03-02 09:51:54
1925;ZD2;OROBIA;;67;2021-03-02 09:51:54;2021-03-02 09:51:54
1926;ZD2;OROBIA;;67;2021-03-02 09:51:54;2021-03-02 09:51:54
1948;HT1;THION ET CIE (FIL);;67;2021-03-02 10:04:24;2021-03-02 10:04:24
1981;NBA;GUERET;;100;2021-03-03 16:50:36;2021-03-03 16:50:36
1982;NWA;NOVAWOOD;;100;2021-03-03 16:50:44;2021-03-03 16:50:44
1983;GOA;Filiale Géomarne;;100;2021-03-03 16:50:48;2021-03-03 16:50:48
1984;CRA;Filiale CEC CRISTAL ECO CHALEUR;;100;2021-03-03 16:50:48;2021-03-03 16:50:48
1985;RIA;PLATEAU NORD ENERGIE;;100;2021-03-03 16:50:48;2021-03-03 16:50:48
1986;RIA;PLATEAU NORD ENERGIE;;100;2021-03-03 16:50:49;2021-03-03 16:50:49
1987;UQ0;Tête de BU Afrique;;100;2021-03-03 16:50:51;2021-03-03 16:50:51
1988;UQ0;Tête de BU Afrique;;100;2021-03-03 16:50:51;2021-03-03 16:50:51
1989;UA0;ENGIE ENERGIE SERVICES;;100;2021-03-03 16:50:51;2021-03-03 16:50:51
1990;42L;ENERGIE CLERMONT AVENIR;;100;2021-03-03 16:50:53;2021-03-03 16:50:53
1991;600;POLE UTILITES SERVICES;;100;2021-03-03 16:50:53;2021-03-03 16:50:53
1992;600;POLE UTILITES SERVICES;;100;2021-03-03 16:50:53;2021-03-03 16:50:53
1993;600;POLE UTILITES SERVICES;;100;2021-03-03 16:50:53;2021-03-03 16:50:53
1994;600;POLE UTILITES SERVICES;;100;2021-03-03 16:50:53;2021-03-03 16:50:53
1995;429;S.D.C.  Moulins;;100;2021-03-03 16:50:53;2021-03-03 16:50:53
1996;429;S.D.C.  Moulins;;100;2021-03-03 16:50:53;2021-03-03 16:50:53
1997;Z0T;ARBOIS BIO ENERGIES;;100;2021-03-03 16:50:53;2021-03-03 16:50:53
1998;BRA;RESEAU SUD-OUEST ENERGIES SERVICES;;100;2021-03-03 16:50:53;2021-03-03 16:50:53
1999;QH0;COGELYO  Nord-Est;;100;2021-03-03 16:50:55;2021-03-03 16:50:55
2000;CNA;FIL CERNAY ENERGIES ENVIRONNEMENT;;100;2021-03-03 16:50:55;2021-03-03 16:50:55
2001;ANC;FIL AMIENS ENERGIES;;100;2021-03-03 16:50:55;2021-03-03 16:50:55
2002;354;COGELYO-OUEST;;100;2021-03-03 16:50:58;2021-03-03 16:50:58
2003;32C;RESEAU DE CHALEUR BIOMASSE DE L'AIGLE;;100;2021-03-03 16:51:00;2021-03-03 16:51:00
2004;32C;RESEAU DE CHALEUR BIOMASSE DE L'AIGLE;;100;2021-03-03 16:51:00;2021-03-03 16:51:00
2005;LD1;FICOBEL (FIL);;100;2021-03-03 16:51:01;2021-03-03 16:51:01
2006;LD1;FICOBEL (FIL);;100;2021-03-03 16:51:01;2021-03-03 16:51:01
2007;ZD2;OROBIA;;100;2021-03-03 16:51:01;2021-03-03 16:51:01
2008;ZD2;OROBIA;;100;2021-03-03 16:51:01;2021-03-03 16:51:01
2009;ZD2;OROBIA;;100;2021-03-03 16:51:01;2021-03-03 16:51:01
2010;LW1;SC2M (FIL);;100;2021-03-03 16:51:02;2021-03-03 16:51:02
2014;6ZA;SOMOCLIM TOUR ODEON;;100;2021-03-26 16:52:47;2021-03-26 16:52:47
2015;BSA;BIOMASS ENERGY SOLUTIONS;;100;2021-03-26 16:52:50;2021-03-26 16:52:50
2016;ETA;ETOUVIE ENERGIES & ENVIRONNEMENT (FIL);;100;2021-03-26 16:55:37;2021-03-26 16:55:37
2017;942;Direction Déléguée EOLYO;;100;2021-03-26 16:55:41;2021-03-26 16:55:41
2047;50A;SAINT CHELY d'APCHER BOIS ENERGIE;;100;2021-03-26 17:00:26;2021-03-26 17:00:26
2048;49A;RIOM CHALEUR BOIS ENERGIE;;100;2021-03-26 17:00:26;2021-03-26 17:00:26
2049;LA1;SOCIETE DE COGENERATION DU BOURRAY (FIL);;100;2021-03-26 17:01:19;2021-03-26 17:01:19
2050;RUA;Filiale GéoRueil;;100;2021-03-26 17:01:26;2021-03-26 17:01:26
2051;EBD;COGIF;;100;2021-03-26 17:04:09;2021-03-26 17:04:09
2052;M9K;COGELYO IDF;;100;2021-03-26 17:04:11;2021-03-26 17:04:11
2053;UT0;Tête de BU NECST;;100;2021-03-26 17:04:45;2021-03-26 17:04:45
2080;941;Direction Déléguée M.U.S.E.;;100;2021-03-26 17:06:52;2021-03-26 17:06:52
2113;Z0P;VIA CONFORT;;100;2021-03-26 17:14:49;2021-03-26 17:14:49
2114;Y53;FIL COFELY ENERGIES SERVICES;;100;2021-03-26 17:15:16;2021-03-26 17:15:16
2146;UT0;Tête de BU NECST;;67;2021-03-30 08:55:32;2021-03-30 08:55:32
2147;48A;BOIS ENERGIES ANNEMASSE (FIL);;67;2021-03-30 08:55:32;2021-03-30 08:55:32
2148;50A;SAINT CHELY d'APCHER BOIS ENERGIE;;67;2021-03-30 08:55:32;2021-03-30 08:55:32
2149;UT0;Tête de BU NECST;;67;2021-03-30 08:55:32;2021-03-30 08:55:32
2150;942;Direction Déléguée EOLYO;;67;2021-03-30 08:55:33;2021-03-30 08:55:33
2151;BSA;BIOMASS ENERGY SOLUTIONS;;67;2021-03-30 08:55:33;2021-03-30 08:55:33
2212;2729;INEO MPLR;;100;2021-03-30 11:59:44;2021-03-30 11:59:44
2213;48A;BOIS ENERGIES ANNEMASSE (FIL);;100;2021-03-30 16:22:26;2021-03-30 16:22:26
2214;48A;BOIS ENERGIES ANNEMASSE (FIL);;100;2021-03-30 16:22:26;2021-03-30 16:22:26
2215;43A;AIX EN PROVENCE ENERGIE ENVIRONNEMENT;;100;2021-03-30 16:22:26;2021-03-30 16:22:26
2216;946;Salines Energies Services;;100;2021-03-30 16:22:29;2021-03-30 16:22:29
2245;Z0K;REVIA;;100;2021-04-07 16:40:06;2021-04-07 16:40:06
2246;HYZ;Filiale HYPORT;;100;2021-04-07 16:40:27;2021-04-07 16:40:27
2247;AQD;AQUASTADE;;100;2021-04-07 16:40:57;2021-04-07 16:40:57
2248;BEA;IMMOBOIS;;100;2021-04-07 16:42:17;2021-04-07 16:42:17
2249;CYA;CYLERGIE;;100;2021-04-07 16:44:12;2021-04-07 16:44:12
2250;810;S D C F;;100;2021-04-07 16:45:50;2021-04-07 16:45:50
2278;J7A;ENGIE BIOGAZ;;100;2021-04-09 13:31:01;2021-04-09 13:31:01
2279;1CA;ENGIE Cofely Nord Est;;100;2021-04-09 13:32:21;2021-04-09 13:32:21
2311;945;RCHV Limoges;;100;2021-04-09 13:47:51;2021-04-09 13:47:51
2312;ERA;RANGUEIL ENERGIE SERVICES;;100;2021-04-09 13:48:57;2021-04-09 13:48:57
2344;1AG;ENGIE Cofely Ile de France;;100;2021-04-12 15:48:25;2021-04-12 15:48:25
2345;T00;ENGIE E.S. SA - Cofely Siège;;100;2021-04-12 15:48:26;2021-04-12 15:48:26
2346;T00;ENGIE E.S. SA - Cofely Siège;;100;2021-04-12 15:48:26;2021-04-12 15:48:26
2347;1AA;ENGIE Cofely Facilities Solutions;;100;2021-04-12 15:48:27;2021-04-12 15:48:27
2348;1AA;ENGIE Cofely Facilities Solutions;;100;2021-04-12 15:48:27;2021-04-12 15:48:27
2349;1EA;ENGIE Cofely Sud Est;;100;2021-04-12 15:48:27;2021-04-12 15:48:27
2350;1DA;ENGIE Cofely Sud Ouest;;100;2021-04-12 15:48:28;2021-04-12 15:48:28
2351;1DA;ENGIE Cofely Sud Ouest;;100;2021-04-12 15:48:28;2021-04-12 15:48:28
2352;1BA;ENGIE Cofely Centre Ouest;;100;2021-04-12 15:48:29;2021-04-12 15:48:29
2353;1BA;ENGIE Cofely Centre Ouest;;100;2021-04-12 15:48:29;2021-04-12 15:48:29
2377;I23;SECMA-PICTET;;100;2021-04-15 14:34:20;2021-04-15 14:34:20
2378;I23;SECMA-PICTET;;100;2021-04-15 14:34:20;2021-04-15 14:34:20
2379;I23;SECMA-PICTET;;100;2021-04-15 14:34:20;2021-04-15 14:34:20
2380;I23;SECMA-PICTET;;100;2021-04-15 14:34:20;2021-04-15 14:34:20
2381;L06;SVCU;;100;2021-04-15 14:34:20;2021-04-15 14:34:20
2382;EBA;Nautelyo;;100;2021-04-15 14:34:20;2021-04-15 14:34:20
2383;EBA;Nautelyo;;100;2021-04-15 14:34:20;2021-04-15 14:34:20
2410;Z99;SECCACIER INGENERIE;;100;2021-04-15 14:35:07;2021-04-15 14:35:07
2411;Z99;SECCACIER INGENERIE;;100;2021-04-15 14:35:07;2021-04-15 14:35:07
2412;Z99;SECCACIER INGENERIE;;100;2021-04-15 14:35:07;2021-04-15 14:35:07
2413;BPA;Direction COFELY DATA CENTER ENG;;100;2021-04-15 14:35:08;2021-04-15 14:35:08
2414;BFA;SCI BOIS DES FAYES;;100;2021-04-15 14:35:12;2021-04-15 14:35:12
2415;L20;Ouest OM Energie;;100;2021-04-15 14:35:15;2021-04-15 14:35:15
2416;L20;Ouest OM Energie;;100;2021-04-15 14:35:15;2021-04-15 14:35:15
2417;L20;Ouest OM Energie;;100;2021-04-15 14:35:15;2021-04-15 14:35:15
2418;ARB;SDC ARSENAL;;100;2021-04-15 14:35:17;2021-04-15 14:35:17
2419;ARB;SDC ARSENAL;;100;2021-04-15 14:35:17;2021-04-15 14:35:17
2420;GBA;GNV de Bordeaux;;100;2021-04-15 14:35:23;2021-04-15 14:35:23
2421;SR1;Filiale SEREM;;100;2021-04-15 14:35:23;2021-04-15 14:35:23
2422;SR1;Filiale SEREM;;100;2021-04-15 14:35:23;2021-04-15 14:35:23
2423;SR1;Filiale SEREM;;100;2021-04-15 14:35:23;2021-04-15 14:35:23
2424;GDA;ARSYEL;;100;2021-04-15 14:35:23;2021-04-15 14:35:23
2425;MR1;Filiale MéoRéso;;100;2021-04-15 14:35:23;2021-04-15 14:35:23
2426;57A;Filiale Bival;;100;2021-04-15 14:35:50;2021-04-15 14:35:50
2427;57A;Filiale Bival;;100;2021-04-15 14:35:50;2021-04-15 14:35:50
2428;57A;Filiale Bival;;100;2021-04-15 14:35:50;2021-04-15 14:35:50
2429;67A;Filiale SEVE;;100;2021-04-15 14:35:51;2021-04-15 14:35:51
2430;67A;Filiale SEVE;;100;2021-04-15 14:35:51;2021-04-15 14:35:51
2431;67A;Filiale SEVE;;100;2021-04-15 14:35:51;2021-04-15 14:35:51
2432;QT3;Epinal Energies Environnement;;100;2021-04-15 14:36:22;2021-04-15 14:36:22
2433;QT3;Epinal Energies Environnement;;100;2021-04-15 14:36:22;2021-04-15 14:36:22
2434;QT3;Epinal Energies Environnement;;100;2021-04-15 14:36:22;2021-04-15 14:36:22
2435;QT3;Epinal Energies Environnement;;100;2021-04-15 14:36:22;2021-04-15 14:36:22
2436;CEA;CHAUMONT ENERGIES & ENVIRONNEMENT (FIL);;100;2021-04-15 14:36:23;2021-04-15 14:36:23
2437;CEA;CHAUMONT ENERGIES & ENVIRONNEMENT (FIL);;100;2021-04-15 14:36:23;2021-04-15 14:36:23
2438;CEA;CHAUMONT ENERGIES & ENVIRONNEMENT (FIL);;100;2021-04-15 14:36:23;2021-04-15 14:36:23
2439;CEA;CHAUMONT ENERGIES & ENVIRONNEMENT (FIL);;100;2021-04-15 14:36:23;2021-04-15 14:36:23
2440;CEA;CHAUMONT ENERGIES & ENVIRONNEMENT (FIL);;100;2021-04-15 14:36:23;2021-04-15 14:36:23
2441;CEA;CHAUMONT ENERGIES & ENVIRONNEMENT (FIL);;100;2021-04-15 14:36:23;2021-04-15 14:36:23
2442;X03;SEC;;100;2021-04-15 14:36:32;2021-04-15 14:36:32
2443;X03;SEC;;100;2021-04-15 14:36:32;2021-04-15 14:36:32
2444;X03;SEC;;100;2021-04-15 14:36:32;2021-04-15 14:36:32
2445;X03;SEC;;100;2021-04-15 14:36:32;2021-04-15 14:36:32
2446;EAD;SAS Château du Loir Exploitation;;100;2021-04-15 14:36:34;2021-04-15 14:36:34
2447;EAA;UDICITE;;100;2021-04-15 14:36:34;2021-04-15 14:36:34
2476;MG1;MAISON BALLAND BRUGNEAUX (FIL);;100;2021-04-15 14:36:59;2021-04-15 14:36:59
2477;HT1;THION ET CIE (FIL);;100;2021-04-15 14:37:02;2021-04-15 14:37:02
2478;HT1;THION ET CIE (FIL);;100;2021-04-15 14:37:02;2021-04-15 14:37:02
2509;"001";Région ENGIE Cofely IDF;;100;2021-04-15 16:20:02;2021-04-15 16:20:02
2510;"001";Région ENGIE Cofely IDF;;100;2021-04-15 16:20:02;2021-04-15 16:20:02
2511;"001";Région ENGIE Cofely IDF;;100;2021-04-15 16:20:02;2021-04-15 16:20:02
2512;"001";Région ENGIE Cofely IDF;;100;2021-04-15 16:20:02;2021-04-15 16:20:02
2513;"001";Région ENGIE Cofely IDF;;100;2021-04-15 16:20:02;2021-04-15 16:20:02
2514;"001";Région ENGIE Cofely IDF;;100;2021-04-15 16:20:02;2021-04-15 16:20:02
2515;"001";Région ENGIE Cofely IDF;;100;2021-04-15 16:20:02;2021-04-15 16:20:02
2516;"001";Région ENGIE Cofely IDF;;100;2021-04-15 16:20:02;2021-04-15 16:20:02
2517;"001";Région ENGIE Cofely IDF;;100;2021-04-15 16:20:02;2021-04-15 16:20:02
2518;"001";Région ENGIE Cofely IDF;;100;2021-04-15 16:20:02;2021-04-15 16:20:02
2519;"001";Région ENGIE Cofely IDF;;100;2021-04-15 16:20:02;2021-04-15 16:20:02
2520;"001";Région ENGIE Cofely IDF;;100;2021-04-15 16:20:02;2021-04-15 16:20:02
2542;SMA;FIL Ssinergie;;100;2021-04-20 10:43:11;2021-04-20 10:43:11
2544;SMA;FIL Ssinergie;;100;2021-04-20 10:43:11;2021-04-20 10:43:11
2543;SMA;FIL Ssinergie;;100;2021-04-20 10:43:11;2021-04-20 10:43:11
2545;BDA;BAR-LE-DUC ENERGIES ENVIRONNEMENT;;100;2021-04-20 10:43:25;2021-04-20 10:43:25
2546;BDA;BAR-LE-DUC ENERGIES ENVIRONNEMENT;;100;2021-04-20 10:43:25;2021-04-20 10:43:25
2547;SJ0;SARREBOURG ENERGIE;;100;2021-04-20 10:43:27;2021-04-20 10:43:27
2744;"078";Eure et Loir - Mme Brun;;100;2021-04-30 07:20:32;2021-04-30 07:20:32
2745;"043";Rennes 2 - Mr Jeunet;;100;2021-04-30 07:20:32;2021-04-30 07:20:32
2775;"041";Rennes 1 - Mr Millieret;;100;2021-04-30 07:38:12;2021-04-30 07:38:12
2776;255;Usine de Carhaix;;100;2021-04-30 07:38:12;2021-04-30 07:38:12
3466;33A;Rouen Luciline Energie Nouvelle;;100;2021-05-16 07:02:15;2021-05-16 07:02:15
4093;K01;SDC Clichy;;100;2021-05-29 07:08:36;2021-05-29 07:08:36
4159;RCA;Filiale RIEUCOURT ENERGIES;;100;2021-05-30 07:04:00;2021-05-30 07:04:00
4489;HMZ;Filiale HYNOMED;;100;2021-06-04 07:15:32;2021-06-04 07:15:32
4753;MC1;SICAR (FIL);;100;2021-06-11 07:05:25;2021-06-11 07:05:25
5149;HEL;HELIOS B;;100;2021-06-22 07:14:09;2021-06-22 07:14:09
5150;680;CHEVALIER ENTREPRISE.;;100;2021-06-22 07:15:20;2021-06-22 07:15:20
5182;1F8;DRE -DANTO ROGEAT;;100;2021-06-22 07:16:48;2021-06-22 07:16:48
5183;1F8;DRE -DANTO ROGEAT;;100;2021-06-22 07:16:48;2021-06-22 07:16:48
